layer,object,rows,seconds
core,products,7,0.24
core,marketing_campaigns,122,0.03
core,customers,81200,1.1
core,applications,46871,0.89
core,loans,20661,0.33
core,repayments,125584,2.28
core,transactions,130997,2.29
core,product_events,828637,7.5
core,support_tickets,6446,0.09
core,experiments,3,0.03
core,experiment_assignments,7308,0.1
marts,dim_date,730,0.19
marts,fct_customer_funnel,81200,1.0
marts,fct_loan_performance,20661,0.5
marts,fct_user_activity_monthly,241633,0.87
marts,fct_daily_metrics,730,0.27
marts,fct_portfolio_monthly,159,0.19
marts,customer_360,81200,1.26
marts,fct_revenue_events,96622,0.38
