date_day,metric,metric_label,kind,value,expected,robust_z,deviation_pct,direction
2025-09-08,signups,Signups,count,200.0,112.5,5.499719409228703,77.77777777777779,spike
2025-09-09,signups,Signups,count,194.0,109.5,5.383421570260461,77.1689497716895,spike
2025-09-10,signups,Signups,count,202.0,106.5,6.169320158286551,89.67136150234741,spike
2025-09-11,signups,Signups,count,201.0,104.0,6.3410883694679505,93.26923076923077,spike
2025-09-12,signups,Signups,count,193.0,100.0,6.2,93.0,spike
2025-09-13,signups,Signups,count,181.0,97.5,5.637582476765745,85.64102564102564,spike
2025-09-14,signups,Signups,count,171.0,98.0,4.916075716820759,74.48979591836735,spike
2025-09-15,signups,Signups,count,222.0,113.0,6.835904976920807,96.46017699115043,spike
2025-09-16,signups,Signups,count,206.0,116.0,5.518560759353961,77.58620689655173,spike
2025-09-17,signups,Signups,count,213.0,111.5,5.0711712656944,91.03139013452915,spike
2025-09-18,signups,Signups,count,207.0,106.0,6.539991473205578,95.28301886792453,spike
2025-09-19,signups,Signups,count,199.0,102.5,6.354393738445693,94.14634146341463,spike
2025-09-20,signups,Signups,count,180.0,98.0,5.522167243552086,83.6734693877551,spike
2025-09-21,signups,Signups,count,185.0,98.0,5.858884758402823,88.77551020408163,spike
2025-10-03,signups,Signups,count,170.0,101.0,4.57717107496595,68.31683168316832,spike
2025-10-12,signups,Signups,count,162.0,100.0,4.133333333333334,62.0,spike
2025-10-24,signups,Signups,count,165.0,101.0,4.245492011562621,63.366336633663366,spike
2025-09-11,applications_submitted,Applications submitted,count,89.0,46.0,4.226669409773718,93.47826086956522,spike
2025-09-17,applications_submitted,Applications submitted,count,101.0,56.0,4.008918628686366,80.35714285714286,spike
2025-09-18,applications_submitted,Applications submitted,count,94.0,46.0,4.718142596956708,104.34782608695652,spike
2025-09-09,approval_rate,Approval rate,rate,0.3561643835616438,0.6091800356506238,-4.430447729090389,-41.53380565381647,drop
2025-01-27,payment_failure_rate,EMI payment failure rate,rate,0.18181818181818182,0.06671410780999822,4.010100936712887,172.53333333333336,spike
2025-08-14,payment_failure_rate,EMI payment failure rate,rate,0.44715447154471544,0.08290378006872852,8.705408706240028,439.3656009098951,spike
2025-08-15,payment_failure_rate,EMI payment failure rate,rate,0.47058823529411764,0.08941272099166836,15.578800074182219,426.31016042780743,spike
2024-10-28,support_tickets,Support tickets,count,16.0,4.0,4.0,300.0,spike
2025-08-14,support_tickets,Support tickets,count,32.0,6.5,6.667948594698258,392.30769230769226,spike
2025-05-12,kyc_tracking_ratio,Tracked / backend KYC completions,rate,0.373134328358209,1.0,-12.537313432835822,-62.68656716417911,drop
2025-05-13,kyc_tracking_ratio,Tracked / backend KYC completions,rate,0.3392857142857143,1.0,-13.214285714285714,-66.07142857142857,drop
2025-05-14,kyc_tracking_ratio,Tracked / backend KYC completions,rate,0.4225352112676056,1.0,-11.549295774647886,-57.74647887323944,drop
2025-05-15,kyc_tracking_ratio,Tracked / backend KYC completions,rate,0.39285714285714285,1.0,-12.142857142857144,-60.71428571428572,drop
2025-05-17,kyc_tracking_ratio,Tracked / backend KYC completions,rate,0.6896551724137931,1.0,-6.206896551724137,-31.034482758620683,drop
2025-05-18,kyc_tracking_ratio,Tracked / backend KYC completions,rate,0.6666666666666666,1.0,-6.666666666666667,-33.333333333333336,drop
2025-05-20,kyc_tracking_ratio,Tracked / backend KYC completions,rate,0.6666666666666666,1.0,-6.666666666666667,-33.333333333333336,drop
2025-05-21,kyc_tracking_ratio,Tracked / backend KYC completions,rate,0.7333333333333333,1.0,-5.333333333333334,-26.66666666666667,drop
2025-05-22,kyc_tracking_ratio,Tracked / backend KYC completions,rate,0.6724137931034483,1.0,-6.551724137931034,-32.758620689655174,drop
2025-05-23,kyc_tracking_ratio,Tracked / backend KYC completions,rate,0.7457627118644068,1.0,-5.084745762711864,-25.423728813559322,drop
2025-05-25,kyc_tracking_ratio,Tracked / backend KYC completions,rate,0.6,1.0,-8.0,-40.0,drop
2025-05-27,kyc_tracking_ratio,Tracked / backend KYC completions,rate,0.7424242424242424,1.0,-5.151515151515151,-25.757575757575758,drop
2025-05-28,kyc_tracking_ratio,Tracked / backend KYC completions,rate,0.7166666666666667,1.0,-5.666666666666666,-28.333333333333332,drop
2025-05-29,kyc_tracking_ratio,Tracked / backend KYC completions,rate,0.6984126984126984,1.0,-6.0317460317460325,-30.15873015873016,drop
2024-10-16,dau,Daily active users,count,447.0,322.0,4.643985104794607,38.81987577639752,spike
2024-10-21,dau,Daily active users,count,417.0,305.0,4.275400896210217,36.721311475409834,spike
2024-10-22,dau,Daily active users,count,427.0,313.0,4.295773983976083,36.42172523961661,spike
2024-10-28,dau,Daily active users,count,483.0,309.0,6.599009438267462,56.310679611650485,spike
2024-10-29,dau,Daily active users,count,438.0,314.0,4.6651498899936295,39.490445859872615,spike
2024-10-30,dau,Daily active users,count,473.0,332.0,5.158920219515446,42.46987951807229,spike
2024-10-31,dau,Daily active users,count,453.0,323.0,4.822262328647029,40.24767801857585,spike
2024-11-02,dau,Daily active users,count,437.0,315.0,4.582614181194623,38.730158730158735,spike
2024-11-03,dau,Daily active users,count,423.0,304.0,4.224442125142885,39.14473684210527,spike
2024-11-04,dau,Daily active users,count,458.0,313.0,5.463923049794142,46.325878594249204,spike
2024-11-05,dau,Daily active users,count,459.0,315.0,5.408987230262506,45.714285714285715,spike
2024-11-06,dau,Daily active users,count,448.0,337.0,4.03103685920104,32.93768545994065,spike
2024-11-07,dau,Daily active users,count,451.0,330.5,4.418858103893273,36.45990922844176,spike
2024-11-09,dau,Daily active users,count,449.0,322.5,4.696068324553175,39.224806201550386,spike
2024-11-10,dau,Daily active users,count,462.0,313.5,4.769613227727351,47.368421052631575,spike
2024-11-11,dau,Daily active users,count,451.0,323.0,4.015572893628102,39.628482972136226,spike
2024-11-12,dau,Daily active users,count,442.0,314.0,4.815638596122456,40.76433121019109,spike
2024-11-19,dau,Daily active users,count,439.0,321.0,4.390745167862788,36.7601246105919,spike
2025-09-13,dau,Daily active users,count,873.0,689.0,4.673227815591351,26.705370101596515,spike
2025-09-15,dau,Daily active users,count,902.0,704.0,4.527090521232741,28.125,spike
2025-09-16,dau,Daily active users,count,920.0,691.5,5.792937636137142,33.04410701373825,spike
2025-09-17,dau,Daily active users,count,930.0,710.5,5.489859430992209,30.893736805066858,spike
2025-09-19,dau,Daily active users,count,902.0,712.0,4.747034030307122,26.685393258426966,spike
2025-09-20,dau,Daily active users,count,879.0,700.5,4.496171739831718,25.481798715203425,spike
