cohort_month,signups,kyc_7d_pct,app_submitted_14d_pct,disbursed_30d_pct,disbursed_30d_mom_pp
2024-07-01,2398,55.63,28.94,15.55,
2024-08-01,2394,56.6,28.36,14.62,-0.93
2024-09-01,2370,54.73,28.31,15.32,0.7
2024-10-01,3070,56.29,27.85,14.95,-0.37
2024-11-01,2720,55.81,27.17,14.3,-0.65
2024-12-01,2641,57.36,29.34,15.34,1.03
2025-01-01,2795,55.31,28.16,15.49,0.16
2025-02-01,2627,55.23,27.75,14.27,-1.22
2025-03-01,2818,56.0,26.72,13.77,-0.51
2025-04-01,2890,55.4,29.31,15.92,2.15
2025-05-01,3071,56.3,29.37,15.66,-0.25
2025-06-01,3182,56.32,28.79,15.08,-0.58
2025-07-01,3265,55.8,27.78,14.67,-0.41
2025-08-01,3311,58.05,29.57,15.46,0.79
2025-09-01,4575,53.88,30.32,11.23,-4.23
2025-10-01,5077,56.12,28.17,14.14,2.91
2025-11-01,4276,56.81,27.9,14.59,0.45
2025-12-01,3847,57.55,28.88,15.49,0.9
2026-01-01,3769,57.2,29.11,15.57,0.08
2026-02-01,3627,58.01,29.75,15.88,0.31
2026-03-01,4090,61.88,31.71,17.09,1.21
2026-04-01,3973,61.46,32.22,17.97,0.88
2026-05-01,4158,63.23,32.01,16.98,-0.99
