dimension,segment,signups,kyc_start_pct,kyc_7d_pct,gap_to_best_pp,worst_rank,recoverable_customers
acquisition_channel,paid_social,18034,80.99,47.31,23.06,1,4159
acquisition_channel,affiliate,10908,86.49,52.36,18.01,2,1965
acquisition_channel,paid_search,16112,86.85,58.29,12.08,3,1946
acquisition_channel,organic,17815,87.56,59.15,11.21,4,1998
acquisition_channel,referral,9528,90.68,66.9,3.47,5,331
acquisition_channel,partnerships,7802,91.99,70.37,0.0,6,0
city_tier,tier_3,16209,86.98,53.45,5.13,1,832
city_tier,tier_2,27419,86.49,58.16,0.42,2,116
city_tier,tier_1,36571,86.51,58.58,0.0,3,0
employment_type,student,4956,85.73,50.14,9.57,1,474
employment_type,gig_worker,11327,86.32,52.44,7.27,2,823
employment_type,self_employed,16122,86.43,56.27,3.44,3,555
employment_type,salaried,47794,86.81,59.71,0.0,4,0
is_ntc,new_to_credit,19994,86.62,53.47,5.24,1,1047
is_ntc,has_bureau_score,60205,86.59,58.71,0.0,2,0
platform,web,5417,80.71,43.94,17.01,1,921
platform,android,60716,87.04,57.78,3.16,2,1918
platform,ios,14066,86.96,60.94,0.0,3,0
