cohort_month,cohort_size,month_number,active_customers,retention_pct
2024-07-01,2398,0,2398,100.0
2024-07-01,2398,1,1334,55.63
2024-07-01,2398,2,475,19.81
2024-07-01,2398,3,484,20.18
2024-07-01,2398,4,463,19.31
2024-07-01,2398,5,418,17.43
2024-07-01,2398,6,377,15.72
2024-07-01,2398,7,357,14.89
2024-07-01,2398,8,367,15.3
2024-07-01,2398,9,351,14.64
2024-07-01,2398,10,313,13.05
2024-07-01,2398,11,300,12.51
2024-07-01,2398,12,241,10.05
2024-07-01,2398,13,156,6.51
2024-07-01,2398,14,120,5.0
2024-07-01,2398,15,112,4.67
2024-07-01,2398,16,110,4.59
2024-07-01,2398,17,106,4.42
2024-07-01,2398,18,97,4.05
2024-07-01,2398,19,96,4.0
2024-07-01,2398,20,83,3.46
2024-07-01,2398,21,77,3.21
2024-07-01,2398,22,80,3.34
2024-07-01,2398,23,84,3.5
2024-08-01,2394,0,2394,100.0
2024-08-01,2394,1,1389,58.02
2024-08-01,2394,2,481,20.09
2024-08-01,2394,3,460,19.21
2024-08-01,2394,4,457,19.09
2024-08-01,2394,5,409,17.08
2024-08-01,2394,6,371,15.5
2024-08-01,2394,7,379,15.83
2024-08-01,2394,8,345,14.41
2024-08-01,2394,9,359,15.0
2024-08-01,2394,10,311,12.99
2024-08-01,2394,11,315,13.16
2024-08-01,2394,12,241,10.07
2024-08-01,2394,13,156,6.52
2024-08-01,2394,14,130,5.43
2024-08-01,2394,15,124,5.18
2024-08-01,2394,16,112,4.68
2024-08-01,2394,17,110,4.59
2024-08-01,2394,18,99,4.14
2024-08-01,2394,19,92,3.84
2024-08-01,2394,20,92,3.84
2024-08-01,2394,21,70,2.92
2024-08-01,2394,22,71,2.97
2024-09-01,2370,0,2370,100.0
2024-09-01,2370,1,1405,59.28
2024-09-01,2370,2,457,19.28
2024-09-01,2370,3,467,19.7
2024-09-01,2370,4,409,17.26
2024-09-01,2370,5,366,15.44
2024-09-01,2370,6,390,16.46
2024-09-01,2370,7,360,15.19
2024-09-01,2370,8,353,14.89
2024-09-01,2370,9,336,14.18
2024-09-01,2370,10,312,13.16
2024-09-01,2370,11,300,12.66
2024-09-01,2370,12,215,9.07
2024-09-01,2370,13,140,5.91
2024-09-01,2370,14,128,5.4
2024-09-01,2370,15,126,5.32
2024-09-01,2370,16,116,4.89
2024-09-01,2370,17,104,4.39
2024-09-01,2370,18,108,4.56
2024-09-01,2370,19,101,4.26
2024-09-01,2370,20,101,4.26
2024-09-01,2370,21,86,3.63
2024-10-01,3070,0,3070,100.0
2024-10-01,3070,1,1775,57.82
2024-10-01,3070,2,646,21.04
2024-10-01,3070,3,626,20.39
2024-10-01,3070,4,566,18.44
2024-10-01,3070,5,568,18.5
2024-10-01,3070,6,513,16.71
2024-10-01,3070,7,454,14.79
2024-10-01,3070,8,429,13.97
2024-10-01,3070,9,417,13.58
2024-10-01,3070,10,409,13.32
2024-10-01,3070,11,392,12.77
2024-10-01,3070,12,323,10.52
2024-10-01,3070,13,186,6.06
2024-10-01,3070,14,161,5.24
2024-10-01,3070,15,152,4.95
2024-10-01,3070,16,136,4.43
2024-10-01,3070,17,128,4.17
2024-10-01,3070,18,123,4.01
2024-10-01,3070,19,124,4.04
2024-10-01,3070,20,100,3.26
2024-11-01,2720,0,2720,100.0
2024-11-01,2720,1,1568,57.65
2024-11-01,2720,2,563,20.7
2024-11-01,2720,3,506,18.6
2024-11-01,2720,4,521,19.15
2024-11-01,2720,5,448,16.47
2024-11-01,2720,6,459,16.88
2024-11-01,2720,7,416,15.29
2024-11-01,2720,8,404,14.85
2024-11-01,2720,9,375,13.79
2024-11-01,2720,10,364,13.38
2024-11-01,2720,11,343,12.61
2024-11-01,2720,12,248,9.12
2024-11-01,2720,13,156,5.74
2024-11-01,2720,14,145,5.33
2024-11-01,2720,15,129,4.74
2024-11-01,2720,16,124,4.56
2024-11-01,2720,17,116,4.26
2024-11-01,2720,18,120,4.41
2024-11-01,2720,19,113,4.15
2024-12-01,2641,0,2641,100.0
2024-12-01,2641,1,1552,58.77
2024-12-01,2641,2,503,19.05
2024-12-01,2641,3,551,20.86
2024-12-01,2641,4,486,18.4
2024-12-01,2641,5,474,17.95
2024-12-01,2641,6,444,16.81
2024-12-01,2641,7,430,16.28
2024-12-01,2641,8,393,14.88
2024-12-01,2641,9,384,14.54
2024-12-01,2641,10,392,14.84
2024-12-01,2641,11,357,13.52
2024-12-01,2641,12,270,10.22
2024-12-01,2641,13,184,6.97
2024-12-01,2641,14,138,5.23
2024-12-01,2641,15,133,5.04
2024-12-01,2641,16,130,4.92
2024-12-01,2641,17,127,4.81
2024-12-01,2641,18,115,4.35
2025-01-01,2795,0,2795,100.0
2025-01-01,2795,1,1563,55.92
2025-01-01,2795,2,591,21.14
2025-01-01,2795,3,531,19.0
2025-01-01,2795,4,527,18.86
2025-01-01,2795,5,483,17.28
2025-01-01,2795,6,463,16.57
2025-01-01,2795,7,440,15.74
2025-01-01,2795,8,403,14.42
2025-01-01,2795,9,365,13.06
2025-01-01,2795,10,366,13.09
2025-01-01,2795,11,388,13.88
2025-01-01,2795,12,268,9.59
2025-01-01,2795,13,173,6.19
2025-01-01,2795,14,145,5.19
2025-01-01,2795,15,134,4.79
2025-01-01,2795,16,139,4.97
2025-01-01,2795,17,125,4.47
2025-02-01,2627,0,2627,100.0
2025-02-01,2627,1,1578,60.07
2025-02-01,2627,2,530,20.18
2025-02-01,2627,3,502,19.11
2025-02-01,2627,4,449,17.09
2025-02-01,2627,5,414,15.76
2025-02-01,2627,6,393,14.96
2025-02-01,2627,7,389,14.81
2025-02-01,2627,8,407,15.49
2025-02-01,2627,9,369,14.05
2025-02-01,2627,10,352,13.4
2025-02-01,2627,11,349,13.29
2025-02-01,2627,12,241,9.17
2025-02-01,2627,13,157,5.98
2025-02-01,2627,14,129,4.91
2025-02-01,2627,15,108,4.11
2025-02-01,2627,16,107,4.07
2025-03-01,2818,0,2818,100.0
2025-03-01,2818,1,1633,57.95
2025-03-01,2818,2,575,20.4
2025-03-01,2818,3,518,18.38
2025-03-01,2818,4,504,17.89
2025-03-01,2818,5,452,16.04
2025-03-01,2818,6,446,15.83
2025-03-01,2818,7,455,16.15
2025-03-01,2818,8,424,15.05
2025-03-01,2818,9,401,14.23
2025-03-01,2818,10,376,13.34
2025-03-01,2818,11,351,12.46
2025-03-01,2818,12,270,9.58
2025-03-01,2818,13,175,6.21
2025-03-01,2818,14,155,5.5
2025-03-01,2818,15,132,4.68
2025-04-01,2890,0,2890,100.0
2025-04-01,2890,1,1649,57.06
2025-04-01,2890,2,600,20.76
2025-04-01,2890,3,591,20.45
2025-04-01,2890,4,556,19.24
2025-04-01,2890,5,526,18.2
2025-04-01,2890,6,489,16.92
2025-04-01,2890,7,447,15.47
2025-04-01,2890,8,450,15.57
2025-04-01,2890,9,461,15.95
2025-04-01,2890,10,387,13.39
2025-04-01,2890,11,393,13.6
2025-04-01,2890,12,284,9.83
2025-04-01,2890,13,213,7.37
2025-04-01,2890,14,168,5.81
2025-05-01,3071,0,3071,100.0
2025-05-01,3071,1,1777,57.86
2025-05-01,3071,2,648,21.1
2025-05-01,3071,3,608,19.8
2025-05-01,3071,4,581,18.92
2025-05-01,3071,5,539,17.55
2025-05-01,3071,6,497,16.18
2025-05-01,3071,7,503,16.38
2025-05-01,3071,8,461,15.01
2025-05-01,3071,9,414,13.48
2025-05-01,3071,10,445,14.49
2025-05-01,3071,11,428,13.94
2025-05-01,3071,12,318,10.35
2025-05-01,3071,13,192,6.25
2025-06-01,3182,0,3182,100.0
2025-06-01,3182,1,1885,59.24
2025-06-01,3182,2,664,20.87
2025-06-01,3182,3,567,17.82
2025-06-01,3182,4,595,18.7
2025-06-01,3182,5,510,16.03
2025-06-01,3182,6,540,16.97
2025-06-01,3182,7,501,15.74
2025-06-01,3182,8,438,13.76
2025-06-01,3182,9,446,14.02
2025-06-01,3182,10,425,13.36
2025-06-01,3182,11,429,13.48
2025-06-01,3182,12,329,10.34
2025-07-01,3265,0,3265,100.0
2025-07-01,3265,1,1851,56.69
2025-07-01,3265,2,646,19.79
2025-07-01,3265,3,633,19.39
2025-07-01,3265,4,593,18.16
2025-07-01,3265,5,563,17.24
2025-07-01,3265,6,556,17.03
2025-07-01,3265,7,496,15.19
2025-07-01,3265,8,491,15.04
2025-07-01,3265,9,470,14.4
2025-07-01,3265,10,460,14.09
2025-07-01,3265,11,425,13.02
2025-08-01,3311,0,3311,100.0
2025-08-01,3311,1,1896,57.26
2025-08-01,3311,2,725,21.9
2025-08-01,3311,3,633,19.12
2025-08-01,3311,4,676,20.42
2025-08-01,3311,5,595,17.97
2025-08-01,3311,6,538,16.25
2025-08-01,3311,7,564,17.03
2025-08-01,3311,8,496,14.98
2025-08-01,3311,9,508,15.34
2025-08-01,3311,10,489,14.77
2025-09-01,4575,0,4575,100.0
2025-09-01,4575,1,2285,49.95
2025-09-01,4575,2,728,15.91
2025-09-01,4575,3,691,15.1
2025-09-01,4575,4,637,13.92
2025-09-01,4575,5,573,12.52
2025-09-01,4575,6,593,12.96
2025-09-01,4575,7,565,12.35
2025-09-01,4575,8,505,11.04
2025-09-01,4575,9,475,10.38
2025-10-01,5077,0,5077,100.0
2025-10-01,5077,1,2874,56.61
2025-10-01,5077,2,1017,20.03
2025-10-01,5077,3,941,18.53
2025-10-01,5077,4,862,16.98
2025-10-01,5077,5,865,17.04
2025-10-01,5077,6,777,15.3
2025-10-01,5077,7,778,15.32
2025-10-01,5077,8,694,13.67
2025-11-01,4276,0,4276,100.0
2025-11-01,4276,1,2382,55.71
2025-11-01,4276,2,904,21.14
2025-11-01,4276,3,743,17.38
2025-11-01,4276,4,771,18.03
2025-11-01,4276,5,747,17.47
2025-11-01,4276,6,721,16.86
2025-11-01,4276,7,660,15.43
2025-12-01,3847,0,3847,100.0
2025-12-01,3847,1,2219,57.68
2025-12-01,3847,2,803,20.87
2025-12-01,3847,3,772,20.07
2025-12-01,3847,4,708,18.4
2025-12-01,3847,5,745,19.37
2025-12-01,3847,6,623,16.19
2026-01-01,3769,0,3769,100.0
2026-01-01,3769,1,2156,57.2
2026-01-01,3769,2,788,20.91
2026-01-01,3769,3,746,19.79
2026-01-01,3769,4,725,19.24
2026-01-01,3769,5,664,17.62
2026-02-01,3627,0,3627,100.0
2026-02-01,3627,1,2254,62.15
2026-02-01,3627,2,730,20.13
2026-02-01,3627,3,752,20.73
2026-02-01,3627,4,703,19.38
2026-03-01,4090,0,4090,100.0
2026-03-01,4090,1,2472,60.44
2026-03-01,4090,2,956,23.37
2026-03-01,4090,3,901,22.03
2026-04-01,3973,0,3973,100.0
2026-04-01,3973,1,2413,60.73
2026-04-01,3973,2,926,23.31
2026-05-01,4158,0,4158,100.0
2026-05-01,4158,1,2480,59.64
2026-06-01,4256,0,4256,100.0
