cohort_month,signups,kyc_7d_pct,disbursed_30d_pct,first_loans_matured,first_loan_fpd30_pct,paid_social_affiliate_share_pct
2024-07-01,2398,55.63,15.55,431.0,1.62,35.7
2024-08-01,2394,56.6,14.62,417.0,0.96,34.9
2024-09-01,2370,54.73,15.32,410.0,1.22,36.2
2024-10-01,3070,56.29,14.95,542.0,1.85,41.8
2024-11-01,2720,55.81,14.3,449.0,2.9,38.4
2024-12-01,2641,57.36,15.34,475.0,1.89,34.1
2025-01-01,2795,55.31,15.49,487.0,1.03,35.4
2025-02-01,2627,55.23,14.27,428.0,2.8,36.0
2025-03-01,2818,56.0,13.77,458.0,0.87,33.5
2025-04-01,2890,55.4,15.92,529.0,2.46,35.4
2025-05-01,3071,56.3,15.66,553.0,1.81,34.8
2025-06-01,3182,56.32,15.08,553.0,2.53,34.7
2025-07-01,3265,55.8,14.67,555.0,2.16,34.4
2025-08-01,3311,58.05,15.46,598.0,2.51,33.4
2025-09-01,4575,53.88,11.23,584.0,2.91,50.7
2025-10-01,5077,56.12,14.14,839.0,2.98,41.9
2025-11-01,4276,56.81,14.59,725.0,3.03,37.9
2025-12-01,3847,57.55,15.49,678.0,2.06,32.0
2026-01-01,3769,57.2,15.57,664.0,2.56,32.9
2026-02-01,3627,58.01,15.88,647.0,2.32,33.0
2026-03-01,4090,61.88,17.09,743.0,2.29,33.2
2026-04-01,3973,61.46,17.97,596.0,1.85,34.1
2026-05-01,4158,63.23,16.98,0.0,,32.4
