borrower_status,month_number,eligible_customers,active_customers,retention_pct
borrower,0,14014,14014,100.0
borrower,1,13390,11984,89.5
borrower,2,12646,9831,77.74
borrower,3,11857,8786,74.1
borrower,4,11054,7750,70.11
borrower,5,10391,6732,64.79
borrower,6,9716,5899,60.71
borrower,7,9034,5205,57.62
borrower,8,8309,4349,52.34
borrower,9,7470,3688,49.37
borrower,10,6885,3194,46.39
borrower,11,6287,2722,43.3
borrower,12,5732,2240,39.08
non_borrower,0,67186,67186,100.0
non_borrower,1,63554,32406,50.99
non_borrower,2,60140,5125,8.52
non_borrower,3,56956,4437,7.79
non_borrower,4,53669,4039,7.53
non_borrower,5,50705,3627,7.15
non_borrower,6,47611,3291,6.91
non_borrower,7,44446,2989,6.73
non_borrower,8,40895,2711,6.63
non_borrower,9,36657,2443,6.66
non_borrower,10,32667,2207,6.76
non_borrower,11,29954,2048,6.84
non_borrower,12,27244,1008,3.7
