activity_month,mau,new_users,retained_users,resurrected_users,churned_users,month_over_month_retention_pct,quick_ratio,mau_mom_growth_pct
2024-07-01,2398,2398.0,0.0,0.0,,,,
2024-08-01,3728,2394.0,1334.0,0.0,1064.0,55.63,2.25,55.46
2024-09-01,4234,2370.0,1796.0,68.0,1932.0,48.18,1.26,13.57
2024-10-01,5440,3070.0,2091.0,279.0,2143.0,49.39,1.56,28.48
2024-11-01,5875,2720.0,2727.0,428.0,2713.0,50.13,1.16,8.0
2024-12-01,6197,2641.0,2900.0,656.0,2975.0,49.36,1.11,5.48
2025-01-01,6731,2795.0,3113.0,823.0,3084.0,50.23,1.17,8.62
2025-02-01,6859,2627.0,3290.0,942.0,3441.0,48.88,1.04,1.9
2025-03-01,7763,2818.0,3661.0,1284.0,3198.0,53.38,1.28,13.18
2025-04-01,8087,2890.0,3903.0,1294.0,3860.0,50.28,1.08,4.17
2025-05-01,8736,3071.0,4103.0,1562.0,3984.0,50.74,1.16,8.03
2025-06-01,9245,3182.0,4430.0,1633.0,4306.0,50.71,1.12,5.83
2025-07-01,9889,3265.0,4741.0,1883.0,4504.0,51.28,1.14,6.97
2025-08-01,10149,3311.0,4911.0,1927.0,4978.0,49.66,1.05,2.63
2025-09-01,11660,4575.0,5131.0,1954.0,5018.0,50.56,1.3,14.89
2025-10-01,13010,5077.0,5788.0,2145.0,5872.0,49.64,1.23,11.58
2025-11-01,12870,4276.0,6544.0,2050.0,6466.0,50.3,0.98,-1.08
2025-12-01,12741,3847.0,6451.0,2443.0,6419.0,50.12,0.98,-1.0
2026-01-01,12841,3769.0,6595.0,2477.0,6146.0,51.76,1.02,0.78
2026-02-01,12504,3627.0,6422.0,2455.0,6419.0,50.01,0.95,-2.62
2026-03-01,13712,4090.0,6758.0,2864.0,5746.0,54.05,1.21,9.66
2026-04-01,13898,3973.0,7218.0,2707.0,6494.0,52.64,1.03,1.36
2026-05-01,14705,4158.0,7476.0,3071.0,6422.0,53.79,1.13,5.81
2026-06-01,14918,4256.0,7795.0,2867.0,6910.0,53.01,1.03,1.45
