month_start,avg_dau,mau,dau_mau_pct
2024-07-01,188.0,2398,7.82
2024-08-01,278.0,3728,7.46
2024-09-01,315.0,4234,7.43
2024-10-01,393.0,5440,7.22
2024-11-01,436.0,5875,7.42
2024-12-01,445.0,6197,7.18
2025-01-01,478.0,6731,7.1
2025-02-01,514.0,6859,7.49
2025-03-01,534.0,7763,6.88
2025-04-01,577.0,8087,7.13
2025-05-01,606.0,8736,6.93
2025-06-01,653.0,9245,7.06
2025-07-01,676.0,9889,6.84
2025-08-01,695.0,10149,6.84
2025-09-01,801.0,11660,6.87
2025-10-01,891.0,13010,6.84
2025-11-01,925.0,12870,7.19
2025-12-01,875.0,12741,6.87
2026-01-01,880.0,12841,6.85
2026-02-01,916.0,12504,7.33
2026-03-01,957.0,13712,6.98
2026-04-01,980.0,13898,7.05
2026-05-01,1019.0,14705,6.93
2026-06-01,1061.0,14918,7.11
