signup_quarter,month_number,customers,cum_net_revenue_per_customer
2024-07-01,0,7162,141.02
2024-07-01,1,7162,288.19
2024-07-01,2,7162,416.93
2024-07-01,3,7162,537.66
2024-07-01,4,7162,638.99
2024-07-01,5,7162,730.19
2024-07-01,6,7162,817.46
2024-07-01,7,7162,878.8
2024-07-01,8,7162,879.91
2024-07-01,9,7162,843.68
2024-07-01,10,7162,859.76
2024-07-01,11,7162,901.02
2024-07-01,12,7162,913.55
2024-07-01,13,7162,962.54
2024-07-01,14,7162,984.55
2024-07-01,15,7162,1027.82
2024-07-01,16,7162,1043.11
2024-07-01,17,7162,1075.56
2024-07-01,18,7162,1085.35
2024-10-01,0,8431,133.87
2024-10-01,1,8431,271.31
2024-10-01,2,8431,393.47
2024-10-01,3,8431,497.63
2024-10-01,4,8431,600.4
2024-10-01,5,8431,690.77
2024-10-01,6,8431,775.8
2024-10-01,7,8431,705.36
2024-10-01,8,8431,739.04
2024-10-01,9,8431,769.68
2024-10-01,10,8431,825.47
2024-10-01,11,8431,867.62
2024-10-01,12,8431,906.83
2024-10-01,13,8431,933.77
2024-10-01,14,8431,958.36
2024-10-01,15,8431,992.04
2024-10-01,16,8431,1023.97
2024-10-01,17,8431,1036.02
2024-10-01,18,8431,1065.01
2025-01-01,0,8240,129.39
2025-01-01,1,8240,260.99
2025-01-01,2,8240,375.81
2025-01-01,3,8240,485.03
2025-01-01,4,8240,588.86
2025-01-01,5,8240,674.94
2025-01-01,6,8240,756.8
2025-01-01,7,8240,792.35
2025-01-01,8,8240,828.91
2025-01-01,9,8240,847.78
2025-01-01,10,8240,871.61
2025-01-01,11,8240,908.82
2025-01-01,12,8240,935.65
2025-01-01,13,8240,968.92
2025-01-01,14,8240,994.12
2025-01-01,15,8240,1005.2
2025-01-01,16,8240,1025.99
2025-01-01,17,8240,1035.21
2025-04-01,0,9143,149.52
2025-04-01,1,9143,303.47
2025-04-01,2,9143,437.38
2025-04-01,3,9143,562.09
2025-04-01,4,9143,674.51
2025-04-01,5,9143,775.66
2025-04-01,6,9143,868.47
2025-04-01,7,9143,840.91
2025-04-01,8,9143,888.25
2025-04-01,9,9143,901.75
2025-04-01,10,9143,940.19
2025-04-01,11,9143,979.84
2025-04-01,12,9143,1009.48
2025-04-01,13,9143,1045.82
2025-04-01,14,9143,1063.41
2025-07-01,0,11151,124.46
2025-07-01,1,11151,255.39
2025-07-01,2,11151,368.73
2025-07-01,3,11151,472.83
2025-07-01,4,11151,570.88
2025-07-01,5,11151,656.35
2025-07-01,6,11151,734.51
2025-07-01,7,11151,697.44
2025-07-01,8,11151,729.91
2025-07-01,9,11151,736.73
2025-07-01,10,11151,740.01
2025-07-01,11,11151,735.89
2025-10-01,0,13200,131.18
2025-10-01,1,13200,265.12
2025-10-01,2,13200,384.34
2025-10-01,3,13200,495.57
2025-10-01,4,13200,597.49
2025-10-01,5,13200,689.66
2025-10-01,6,13200,761.08
2025-10-01,7,13200,708.15
2025-10-01,8,13200,695.32
2026-01-01,0,11486,143.65
2026-01-01,1,11486,297.93
2026-01-01,2,11486,438.4
2026-01-01,3,11486,562.51
2026-01-01,4,11486,629.75
2026-01-01,5,11486,658.71
2026-04-01,0,12387,160.09
2026-04-01,1,12387,268.87
2026-04-01,2,12387,316.81
