vintage_quarter,mob,loans_observable,loans_30dpd,cum_30dpd_pct
2024-07-01,1,1158,0.0,0.0
2024-07-01,2,1158,14.0,1.21
2024-07-01,3,1158,29.0,2.5
2024-07-01,4,1158,35.0,3.02
2024-07-01,5,1158,39.0,3.37
2024-07-01,6,1158,46.0,3.97
2024-07-01,7,1158,52.0,4.49
2024-07-01,8,1158,54.0,4.66
2024-07-01,9,1158,60.0,5.18
2024-07-01,10,1158,63.0,5.44
2024-07-01,11,1158,65.0,5.61
2024-07-01,12,1158,67.0,5.79
2024-10-01,1,1813,0.0,0.0
2024-10-01,2,1813,33.0,1.82
2024-10-01,3,1813,47.0,2.59
2024-10-01,4,1813,53.0,2.92
2024-10-01,5,1813,58.0,3.2
2024-10-01,6,1813,62.0,3.42
2024-10-01,7,1813,69.0,3.81
2024-10-01,8,1813,69.0,3.81
2024-10-01,9,1813,71.0,3.92
2024-10-01,10,1813,72.0,3.97
2024-10-01,11,1813,72.0,3.97
2024-10-01,12,1813,74.0,4.08
2025-01-01,1,1985,0.0,0.0
2025-01-01,2,1985,28.0,1.41
2025-01-01,3,1985,43.0,2.17
2025-01-01,4,1985,55.0,2.77
2025-01-01,5,1985,61.0,3.07
2025-01-01,6,1985,70.0,3.53
2025-01-01,7,1985,75.0,3.78
2025-01-01,8,1985,78.0,3.93
2025-01-01,9,1985,82.0,4.13
2025-01-01,10,1985,85.0,4.28
2025-01-01,11,1985,86.0,4.33
2025-01-01,12,1985,89.0,4.48
2025-04-01,1,2407,1.0,0.04
2025-04-01,2,2407,46.0,1.91
2025-04-01,3,2407,68.0,2.83
2025-04-01,4,2407,89.0,3.7
2025-04-01,5,2407,98.0,4.07
2025-04-01,6,2407,103.0,4.28
2025-04-01,7,2407,109.0,4.53
2025-04-01,8,2407,111.0,4.61
2025-04-01,9,2407,117.0,4.86
2025-04-01,10,2407,119.0,4.94
2025-04-01,11,2407,120.0,4.99
2025-04-01,12,2407,121.0,5.03
2025-07-01,1,2659,2.0,0.08
2025-07-01,2,2659,58.0,2.18
2025-07-01,3,2659,83.0,3.12
2025-07-01,4,2659,113.0,4.25
2025-07-01,5,2659,123.0,4.63
2025-07-01,6,2659,126.0,4.74
2025-07-01,7,2659,133.0,5.0
2025-07-01,8,2659,137.0,5.15
2025-07-01,9,2659,141.0,5.3
2025-10-01,1,3353,1.0,0.03
2025-10-01,2,3353,82.0,2.45
2025-10-01,3,3353,127.0,3.79
2025-10-01,4,3353,157.0,4.68
2025-10-01,5,3353,176.0,5.25
2025-10-01,6,3353,192.0,5.73
2026-01-01,1,3383,1.0,0.03
2026-01-01,2,3383,68.0,2.01
2026-01-01,3,3383,90.0,2.66
