dimension,segment,matured_loans,fpd30_pct,ever_30dpd_pct,npa_or_written_off_pct,fpd30_index_vs_dimension_avg
acquisition_channel,paid_social,1676,2.45,6.32,3.34,1.21
acquisition_channel,affiliate,988,2.33,6.68,3.04,1.15
acquisition_channel,organic,3788,2.09,5.49,2.43,1.03
acquisition_channel,paid_search,3991,1.93,5.39,2.48,0.95
acquisition_channel,partnerships,4456,1.68,2.92,1.39,0.83
acquisition_channel,referral,3148,1.65,4.1,1.91,0.82
autopay_enabled,false,8305,2.05,4.82,2.31,1.06
autopay_enabled,true,9742,1.82,4.66,2.12,0.94
employment_type,self_employed,1928,2.33,8.4,3.84,1.22
employment_type,gig_worker,1072,2.15,4.94,3.08,1.12
employment_type,salaried,14661,1.87,4.28,1.95,0.98
employment_type,student,386,1.3,3.11,1.55,0.68
is_ntc,true,1521,3.02,6.51,4.01,1.25
is_ntc,false,16526,1.82,4.57,2.05,0.75
risk_band,E,5,40.0,60.0,60.0,3.79
risk_band,D,161,4.97,16.15,8.07,0.47
risk_band,C,1421,3.8,10.42,6.05,0.36
risk_band,B,4530,2.74,7.51,3.42,0.26
risk_band,A,11930,1.33,2.82,1.19,0.13
