month_start,rejection_reason,rejections,share_of_rejections_pct
2024-07-01,thin_credit_file,107,34.85
2024-07-01,risk_policy_cutoff,63,20.52
2024-07-01,low_bureau_score,60,19.54
2024-07-01,high_existing_obligations,39,12.7
2024-07-01,insufficient_income,27,8.79
2024-07-01,policy_ineligible,11,3.58
2024-08-01,thin_credit_file,118,29.8
2024-08-01,risk_policy_cutoff,97,24.49
2024-08-01,low_bureau_score,69,17.42
2024-08-01,high_existing_obligations,49,12.37
2024-08-01,insufficient_income,40,10.1
2024-08-01,policy_ineligible,23,5.81
2024-09-01,thin_credit_file,125,31.97
2024-09-01,risk_policy_cutoff,81,20.72
2024-09-01,low_bureau_score,76,19.44
2024-09-01,high_existing_obligations,46,11.76
2024-09-01,insufficient_income,39,9.97
2024-09-01,policy_ineligible,24,6.14
2024-10-01,thin_credit_file,167,33.87
2024-10-01,risk_policy_cutoff,104,21.1
2024-10-01,low_bureau_score,83,16.84
2024-10-01,high_existing_obligations,61,12.37
2024-10-01,insufficient_income,50,10.14
2024-10-01,policy_ineligible,28,5.68
2024-11-01,thin_credit_file,164,31.84
2024-11-01,risk_policy_cutoff,117,22.72
2024-11-01,low_bureau_score,88,17.09
2024-11-01,high_existing_obligations,70,13.59
2024-11-01,insufficient_income,48,9.32
2024-11-01,policy_ineligible,28,5.44
2024-12-01,thin_credit_file,161,32.79
2024-12-01,risk_policy_cutoff,108,22.0
2024-12-01,low_bureau_score,96,19.55
2024-12-01,high_existing_obligations,57,11.61
2024-12-01,insufficient_income,46,9.37
2024-12-01,policy_ineligible,23,4.68
2025-01-01,thin_credit_file,169,32.19
2025-01-01,risk_policy_cutoff,130,24.76
2025-01-01,low_bureau_score,93,17.71
2025-01-01,high_existing_obligations,68,12.95
2025-01-01,insufficient_income,38,7.24
2025-01-01,policy_ineligible,27,5.14
2025-02-01,thin_credit_file,151,33.78
2025-02-01,risk_policy_cutoff,105,23.49
2025-02-01,low_bureau_score,70,15.66
2025-02-01,high_existing_obligations,60,13.42
2025-02-01,insufficient_income,34,7.61
2025-02-01,policy_ineligible,27,6.04
2025-03-01,thin_credit_file,177,33.4
2025-03-01,risk_policy_cutoff,125,23.58
2025-03-01,low_bureau_score,89,16.79
2025-03-01,high_existing_obligations,66,12.45
2025-03-01,insufficient_income,47,8.87
2025-03-01,policy_ineligible,26,4.91
2025-04-01,thin_credit_file,172,32.58
2025-04-01,risk_policy_cutoff,117,22.16
2025-04-01,low_bureau_score,105,19.89
2025-04-01,high_existing_obligations,58,10.98
2025-04-01,insufficient_income,57,10.8
2025-04-01,policy_ineligible,19,3.6
2025-05-01,thin_credit_file,196,34.39
2025-05-01,risk_policy_cutoff,132,23.16
2025-05-01,low_bureau_score,107,18.77
2025-05-01,high_existing_obligations,65,11.4
2025-05-01,insufficient_income,44,7.72
2025-05-01,policy_ineligible,26,4.56
2025-06-01,thin_credit_file,191,32.87
2025-06-01,risk_policy_cutoff,134,23.06
2025-06-01,low_bureau_score,103,17.73
2025-06-01,high_existing_obligations,71,12.22
2025-06-01,insufficient_income,45,7.75
2025-06-01,policy_ineligible,37,6.37
2025-07-01,thin_credit_file,187,31.01
2025-07-01,risk_policy_cutoff,140,23.22
2025-07-01,low_bureau_score,105,17.41
2025-07-01,high_existing_obligations,72,11.94
2025-07-01,insufficient_income,67,11.11
2025-07-01,policy_ineligible,32,5.31
2025-08-01,thin_credit_file,196,30.43
2025-08-01,risk_policy_cutoff,165,25.62
2025-08-01,low_bureau_score,118,18.32
2025-08-01,high_existing_obligations,89,13.82
2025-08-01,insufficient_income,48,7.45
2025-08-01,policy_ineligible,28,4.35
2025-09-01,kyc_data_mismatch,271,26.13
2025-09-01,thin_credit_file,208,20.06
2025-09-01,fraud_suspected,178,17.16
2025-09-01,risk_policy_cutoff,122,11.76
2025-09-01,low_bureau_score,101,9.74
2025-09-01,high_existing_obligations,85,8.2
2025-09-01,insufficient_income,48,4.63
2025-09-01,policy_ineligible,24,2.31
2025-10-01,thin_credit_file,262,28.98
2025-10-01,risk_policy_cutoff,192,21.24
2025-10-01,low_bureau_score,166,18.36
2025-10-01,high_existing_obligations,101,11.17
2025-10-01,insufficient_income,61,6.75
2025-10-01,policy_ineligible,53,5.86
2025-10-01,kyc_data_mismatch,40,4.42
2025-10-01,fraud_suspected,29,3.21
2025-11-01,thin_credit_file,267,31.01
2025-11-01,risk_policy_cutoff,194,22.53
2025-11-01,low_bureau_score,145,16.84
2025-11-01,high_existing_obligations,106,12.31
2025-11-01,insufficient_income,74,8.59
2025-11-01,policy_ineligible,56,6.5
2025-11-01,kyc_data_mismatch,12,1.39
2025-11-01,fraud_suspected,7,0.81
2025-12-01,thin_credit_file,263,34.38
2025-12-01,risk_policy_cutoff,174,22.75
2025-12-01,low_bureau_score,123,16.08
2025-12-01,high_existing_obligations,97,12.68
2025-12-01,insufficient_income,66,8.63
2025-12-01,policy_ineligible,36,4.71
2025-12-01,kyc_data_mismatch,4,0.52
2025-12-01,fraud_suspected,2,0.26
2026-01-01,thin_credit_file,243,31.97
2026-01-01,risk_policy_cutoff,175,23.03
2026-01-01,low_bureau_score,137,18.03
2026-01-01,high_existing_obligations,89,11.71
2026-01-01,insufficient_income,75,9.87
2026-01-01,policy_ineligible,40,5.26
2026-01-01,kyc_data_mismatch,1,0.13
2026-02-01,thin_credit_file,255,35.52
2026-02-01,risk_policy_cutoff,162,22.56
2026-02-01,low_bureau_score,121,16.85
2026-02-01,high_existing_obligations,81,11.28
2026-02-01,insufficient_income,58,8.08
2026-02-01,policy_ineligible,39,5.43
2026-02-01,fraud_suspected,1,0.14
2026-02-01,kyc_data_mismatch,1,0.14
2026-03-01,thin_credit_file,260,32.34
2026-03-01,risk_policy_cutoff,193,24.0
2026-03-01,low_bureau_score,143,17.79
2026-03-01,high_existing_obligations,89,11.07
2026-03-01,insufficient_income,73,9.08
2026-03-01,policy_ineligible,45,5.6
2026-03-01,fraud_suspected,1,0.12
2026-04-01,thin_credit_file,254,31.2
2026-04-01,risk_policy_cutoff,167,20.52
2026-04-01,low_bureau_score,158,19.41
2026-04-01,high_existing_obligations,108,13.27
2026-04-01,insufficient_income,88,10.81
2026-04-01,policy_ineligible,39,4.79
2026-05-01,thin_credit_file,245,30.43
2026-05-01,risk_policy_cutoff,189,23.48
2026-05-01,low_bureau_score,161,20.0
2026-05-01,high_existing_obligations,102,12.67
2026-05-01,insufficient_income,64,7.95
2026-05-01,policy_ineligible,44,5.47
2026-06-01,thin_credit_file,282,32.83
2026-06-01,risk_policy_cutoff,186,21.65
2026-06-01,low_bureau_score,153,17.81
2026-06-01,high_existing_obligations,109,12.69
2026-06-01,insufficient_income,83,9.66
2026-06-01,policy_ineligible,46,5.36
