month_start,submitted,decisions,approvals,approval_rate_pct,approval_rate_mom_pp,disbursal_rate_pct,offer_expired_pct
2024-07-01,673,669,362.0,54.11,,89.5,10.5
2024-08-01,843,841,445.0,52.91,-1.2,87.42,12.58
2024-09-01,910,910,519.0,57.03,4.12,87.48,12.52
2024-10-01,1153,1145,652.0,56.94,-0.09,91.1,8.9
2024-11-01,1136,1141,626.0,54.86,-2.08,91.05,8.95
2024-12-01,1211,1209,718.0,59.39,4.52,89.28,10.72
2025-01-01,1257,1255,730.0,58.17,-1.22,90.41,9.59
2025-02-01,1139,1136,689.0,60.65,2.48,92.02,7.98
2025-03-01,1298,1300,770.0,59.23,-1.42,90.0,10.0
2025-04-01,1372,1371,843.0,61.49,2.26,92.29,7.71
2025-05-01,1478,1477,907.0,61.41,-0.08,92.28,7.72
2025-06-01,1475,1471,890.0,60.5,-0.91,89.21,10.79
2025-07-01,1536,1534,931.0,60.69,0.19,90.44,9.56
2025-08-01,1646,1646,1002.0,60.87,0.18,89.62,10.38
2025-09-01,2040,2040,1003.0,49.17,-11.71,90.53,9.47
2025-10-01,2174,2161,1257.0,58.17,9.0,88.15,11.85
2025-11-01,2095,2095,1234.0,58.9,0.73,90.28,9.72
2025-12-01,2010,2010,1245.0,61.94,3.04,90.92,9.08
2026-01-01,1924,1924,1164.0,60.5,-1.44,91.41,8.59
2026-02-01,1903,1898,1180.0,62.17,1.67,90.59,9.41
2026-03-01,2200,2191,1387.0,63.3,1.13,90.05,9.95
2026-04-01,2230,2228,1414.0,63.46,0.16,91.02,8.98
2026-05-01,2271,2273,1468.0,64.58,1.12,90.05,9.95
2026-06-01,2271,2274,1415.0,62.23,-2.36,90.46,8.76
