product_id,risk_band,decisions,approval_rate_pct,avg_model_pd_pct
P01,A,2227,100.0,1.88
P01,B,2432,85.44,4.38
P01,C,1954,25.69,7.83
P01,D,1652,1.15,12.63
P01,E,1852,0.0,35.31
P02,A,7712,94.42,1.25
P02,B,1844,18.76,4.15
P02,C,637,0.31,7.52
P02,D,178,0.0,11.82
P02,E,30,0.0,19.38
P03,A,3308,100.0,1.41
P03,B,1481,96.08,4.31
P03,C,1047,44.6,7.83
P03,D,779,4.75,12.69
P03,E,526,0.0,22.75
P04,A,1128,99.82,1.76
P04,B,878,96.36,4.34
P04,C,706,50.57,7.83
P04,D,584,5.65,12.76
P04,E,647,0.0,25.73
P05,A,104,100.0,2.06
P05,B,249,98.39,4.59
P05,C,387,77.26,7.98
P05,D,455,22.86,12.96
P05,E,1058,0.76,28.72
P06,A,359,100.0,1.9
P06,B,455,94.95,4.46
P06,C,464,47.84,7.81
P06,D,493,5.27,12.69
P06,E,607,0.0,25.43
P07,A,515,99.81,1.75
P07,B,454,88.55,4.3
P07,C,387,26.36,7.84
P07,D,279,0.36,12.7
P07,E,362,0.0,39.15
