date_day,metric,value,expected,z_score,deviation_pct,direction
2024-08-18,signups,85.0,63.1667,4.56,34.6,spike
2024-08-29,loans_disbursed,17.0,10.75,4.88,58.1,spike
2024-08-30,support_tickets,8.0,3.0,3.12,166.7,spike
2024-09-10,support_tickets,9.0,3.0,6.48,200.0,spike
2024-09-19,loans_disbursed,25.0,13.0,4.4,92.3,spike
2024-09-25,approval_rate,0.8,0.4721,6.57,69.4,spike
2024-09-25,loans_disbursed,23.0,10.875,5.43,111.5,spike
2024-10-06,applications_submitted,41.0,26.125,3.01,56.9,spike
2024-10-06,loans_disbursed,24.0,13.25,3.57,81.1,spike
2024-10-10,signups,111.0,78.75,3.47,41.0,spike
2024-10-14,applications_submitted,45.0,29.25,3.98,53.8,spike
2024-10-14,signups,106.0,84.0,3.32,26.2,spike
2024-10-15,signups,111.0,83.625,5.43,32.7,spike
2024-10-16,support_tickets,17.0,5.375,4.36,216.3,spike
2024-10-20,signups,104.0,70.875,3.96,46.7,spike
2024-10-21,signups,123.0,85.875,3.67,43.2,spike
2024-10-22,applications_submitted,56.0,32.25,3.72,73.6,spike
2024-10-22,loans_disbursed,25.0,15.625,3.66,60.0,spike
2024-10-22,signups,130.0,86.25,4.01,50.7,spike
2024-10-26,approval_rate,0.44,0.6109,-3.04,-28.0,drop
2024-10-27,payment_failure_rate,0.1667,0.0552,3.01,202.1,spike
2024-10-28,payment_failure_rate,0.2,0.0484,4.33,313.5,spike
2024-10-28,support_tickets,16.0,4.625,4.65,245.9,spike
2024-11-05,support_tickets,11.0,5.125,3.25,114.6,spike
2024-11-09,applications_submitted,48.0,31.125,3.36,54.2,spike
2024-11-20,loans_disbursed,31.0,19.25,3.25,61.0,spike
2024-12-14,support_tickets,12.0,6.0,4.58,100.0,spike
2024-12-23,loans_disbursed,28.0,17.625,3.81,58.9,spike
2024-12-29,payment_failure_rate,0.1364,0.0673,3.9,102.7,spike
2025-01-14,support_tickets,13.0,6.75,3.04,92.6,spike
2025-01-25,applications_submitted,46.0,36.375,3.47,26.5,spike
2025-01-27,payment_failure_rate,0.1818,0.0586,4.82,210.4,spike
2025-01-29,payment_failure_rate,0.2105,0.0751,5.7,180.5,spike
2025-02-02,approval_rate,0.7561,0.5191,3.58,45.7,spike
2025-02-05,loans_disbursed,38.0,24.125,3.09,57.5,spike
2025-02-16,applications_submitted,56.0,37.625,4.6,48.8,spike
2025-02-16,loans_disbursed,33.0,19.125,3.62,72.5,spike
2025-02-17,signups,118.0,91.0,4.55,29.7,spike
2025-02-21,support_tickets,11.0,6.375,3.07,72.5,spike
2025-03-25,support_tickets,15.0,7.625,4.9,96.7,spike
2025-03-30,payment_failure_rate,0.0,0.0908,-4.6,-100.0,drop
2025-04-02,applications_submitted,57.0,39.75,3.32,43.4,spike
2025-04-03,payment_failure_rate,0.1379,0.0798,3.23,72.9,spike
2025-04-08,loans_disbursed,37.0,20.625,4.57,79.4,spike
2025-04-26,loans_disbursed,38.0,21.75,4.23,74.7,spike
2025-04-30,support_tickets,16.0,6.375,3.29,151.0,spike
2025-05-07,loans_disbursed,38.0,26.375,4.54,44.1,spike
2025-05-13,support_tickets,23.0,9.125,3.4,152.1,spike
2025-05-25,kyc_tracking_ratio,0.6,0.9583,-3.04,-37.4,drop
2025-05-26,signups,133.0,102.75,3.1,29.4,spike
2025-05-30,payment_failure_rate,0.1842,0.077,3.42,139.2,spike
2025-05-31,payment_failure_rate,0.0233,0.0916,-3.05,-74.6,drop
2025-06-10,payment_failure_rate,0.0222,0.0947,-3.6,-76.5,drop
2025-06-20,signups,132.0,98.125,4.52,34.5,spike
2025-06-20,support_tickets,16.0,8.0,3.86,100.0,spike
2025-06-25,approval_rate,0.4444,0.6459,-3.28,-31.2,drop
2025-06-29,applications_submitted,58.0,44.75,3.1,29.6,spike
2025-06-29,support_tickets,3.0,7.75,-4.08,-61.3,drop
2025-07-03,signups,136.0,103.75,3.47,31.1,spike
2025-07-14,payment_failure_rate,0.1504,0.0738,3.95,103.9,spike
2025-07-29,payment_failure_rate,0.18,0.0709,4.35,153.8,spike
2025-08-07,loans_disbursed,45.0,28.875,3.95,55.8,spike
2025-08-14,payment_failure_rate,0.4472,0.0805,11.94,455.4,spike
2025-08-14,support_tickets,32.0,8.25,5.44,287.9,spike
2025-08-15,payment_failure_rate,0.4706,0.0876,18.44,437.3,spike
2025-08-15,support_tickets,23.0,8.625,3.29,166.7,spike
2025-08-16,payment_failure_rate,0.0414,0.0904,-3.38,-54.2,drop
2025-08-20,applications_submitted,69.0,53.375,3.21,29.3,spike
2025-08-26,applications_submitted,33.0,48.125,-5.05,-31.4,drop
2025-09-03,payment_failure_rate,0.1181,0.0763,7.69,54.7,spike
2025-09-08,signups,200.0,113.5,11.65,76.2,spike
2025-09-09,applications_submitted,70.0,45.875,3.94,52.6,spike
2025-09-09,approval_rate,0.3562,0.6115,-5.43,-41.8,drop
2025-09-09,signups,194.0,111.375,7.16,74.2,spike
2025-09-10,approval_rate,0.3919,0.5952,-3.5,-34.2,drop
2025-09-10,signups,202.0,112.625,5.64,79.4,spike
2025-09-11,applications_submitted,89.0,50.0,3.61,78.0,spike
2025-09-11,approval_rate,0.4444,0.6394,-4.82,-30.5,drop
2025-09-11,signups,201.0,108.625,7.54,85.0,spike
2025-09-12,applications_submitted,80.0,52.625,4.6,52.0,spike
2025-09-12,approval_rate,0.4079,0.6203,-3.32,-34.2,drop
2025-09-12,signups,193.0,104.75,8.56,84.2,spike
2025-09-13,applications_submitted,85.0,51.125,3.14,66.3,spike
2025-09-13,signups,181.0,99.75,9.1,81.5,spike
2025-09-14,applications_submitted,89.0,51.375,4.38,73.2,spike
2025-09-14,signups,171.0,95.5,11.49,79.1,spike
2025-09-14,support_tickets,17.0,8.75,3.47,94.3,spike
2025-09-15,applications_submitted,89.0,49.375,10.19,80.3,spike
2025-09-15,signups,222.0,125.625,3.14,76.7,spike
2025-09-15,support_tickets,17.0,10.0,3.27,70.0,spike
2025-09-16,applications_submitted,85.0,48.125,3.52,76.6,spike
2025-09-17,applications_submitted,101.0,57.75,5.35,74.9,spike
2025-09-17,loans_disbursed,45.0,26.875,3.98,67.4,spike
2025-09-17,support_tickets,19.0,8.5,6.55,123.5,spike
2025-09-20,approval_rate,0.3766,0.5854,-3.16,-35.7,drop
2025-09-20,support_tickets,22.0,10.0,4.32,120.0,spike
2025-10-29,payment_failure_rate,0.1724,0.0868,3.5,98.7,spike
2025-10-31,loans_disbursed,50.0,31.375,3.6,59.4,spike
2025-10-31,support_tickets,4.0,13.875,-3.19,-71.2,drop
2025-11-20,loans_disbursed,26.0,39.0,-3.22,-33.3,drop
2025-11-28,signups,117.0,159.0,-3.24,-26.4,drop
2025-12-25,approval_rate,0.7568,0.5937,4.53,27.5,spike
2026-01-05,approval_rate,0.3654,0.6092,-4.09,-40.0,drop
2026-01-05,loans_disbursed,16.0,34.375,-3.47,-53.5,drop
2026-01-09,applications_submitted,46.0,67.0,-3.95,-31.3,drop
2026-01-29,payment_failure_rate,0.0147,0.0864,-3.7,-83.0,drop
2026-02-10,payment_failure_rate,0.12,0.0808,5.04,48.5,spike
2026-02-17,payment_failure_rate,0.1534,0.0847,4.32,81.2,spike
2026-03-06,support_tickets,7.0,10.625,-3.05,-34.1,drop
2026-03-07,loans_disbursed,46.0,34.25,3.18,34.3,spike
2026-03-11,loans_disbursed,57.0,43.375,4.44,31.4,spike
2026-04-28,payment_failure_rate,0.1455,0.0798,3.07,82.2,spike
2026-04-29,applications_submitted,105.0,73.125,4.53,43.6,spike
2026-04-29,payment_failure_rate,0.039,0.0988,-3.19,-60.6,drop
2026-05-26,loans_disbursed,58.0,39.875,3.06,45.5,spike
2026-05-31,payment_failure_rate,0.0154,0.0863,-3.22,-82.2,drop
2026-06-01,applications_submitted,86.0,67.875,3.04,26.7,spike
2026-06-05,applications_submitted,92.0,69.75,3.52,31.9,spike
2026-06-07,approval_rate,0.4795,0.6504,-4.3,-26.3,drop
2026-06-22,applications_submitted,100.0,69.75,4.0,43.4,spike
2026-06-29,payment_failure_rate,0.1754,0.0961,4.4,82.5,spike
