month_start,marketing_spend,signups,paid_share_pct,blended_cac_per_signup,paid_cac_per_signup,new_borrowers,cost_per_new_borrower
2024-07-01,680913.0,2398,77.1,284.0,368.0,320,2128.0
2024-08-01,641580.0,2394,76.6,268.0,350.0,363,1767.0
2024-09-01,655031.0,2370,78.8,276.0,351.0,399,1642.0
2024-10-01,851096.0,3070,79.5,277.0,349.0,510,1669.0
2024-11-01,741709.0,2720,79.2,273.0,345.0,450,1648.0
2024-12-01,649433.0,2641,76.8,246.0,320.0,480,1353.0
2025-01-01,704520.0,2795,77.9,252.0,324.0,480,1468.0
2025-02-01,584920.0,2627,78.3,223.0,284.0,451,1297.0
2025-03-01,771054.0,2818,76.3,274.0,359.0,429,1797.0
2025-04-01,765250.0,2890,79.4,265.0,334.0,533,1436.0
2025-05-01,775755.0,3071,77.1,253.0,328.0,556,1395.0
2025-06-01,792624.0,3182,75.7,249.0,329.0,523,1516.0
2025-07-01,920369.0,3265,77.3,282.0,365.0,544,1692.0
2025-08-01,916351.0,3311,77.3,277.0,358.0,585,1566.0
2025-09-01,1458702.0,4575,83.1,319.0,384.0,582,2506.0
2025-10-01,1966790.0,5077,79.7,387.0,486.0,793,2480.0
2025-11-01,1218913.0,4276,77.7,285.0,367.0,716,1702.0
2025-12-01,958219.0,3847,76.2,249.0,327.0,716,1338.0
2026-01-01,1070510.0,3769,77.6,284.0,366.0,654,1637.0
2026-02-01,950374.0,3627,77.2,262.0,339.0,666,1427.0
2026-03-01,1046656.0,4090,75.3,256.0,340.0,779,1344.0
2026-04-01,965741.0,3973,76.8,243.0,317.0,832,1161.0
2026-05-01,1081712.0,4158,76.6,260.0,340.0,811,1334.0
2026-06-01,1162024.0,4256,77.6,273.0,352.0,842,1380.0
