month_start,channel,spend,signups,kyc_7d,funded_30d,cost_per_signup,cost_per_verified_customer,cost_per_funded_customer,fully_mature
2024-07-01,affiliate,114065.0,327,163.0,25.0,349.0,700.0,4563.0,True
2024-07-01,paid_search,342209.0,544,303.0,92.0,629.0,1129.0,3720.0,True
2024-07-01,paid_social,142811.0,530,235.0,41.0,269.0,608.0,3483.0,True
2024-07-01,partnerships,41289.0,241,167.0,66.0,171.0,247.0,626.0,True
2024-07-01,referral,40539.0,208,146.0,56.0,195.0,278.0,724.0,True
2024-08-01,affiliate,119044.0,312,161.0,20.0,382.0,739.0,5952.0,True
2024-08-01,paid_search,271765.0,565,328.0,103.0,481.0,829.0,2638.0,True
2024-08-01,paid_social,149443.0,524,246.0,32.0,285.0,607.0,4670.0,True
2024-08-01,partnerships,37373.0,201,138.0,61.0,186.0,271.0,613.0,True
2024-08-01,referral,63955.0,233,146.0,49.0,274.0,438.0,1305.0,True
2024-09-01,affiliate,114319.0,331,150.0,14.0,345.0,762.0,8166.0,True
2024-09-01,paid_search,320150.0,550,302.0,108.0,582.0,1060.0,2964.0,True
2024-09-01,paid_social,131443.0,528,254.0,33.0,249.0,517.0,3983.0,True
2024-09-01,partnerships,37426.0,255,184.0,83.0,147.0,203.0,451.0,True
2024-09-01,referral,51692.0,204,125.0,50.0,253.0,414.0,1034.0,True
2024-10-01,affiliate,144224.0,403,204.0,37.0,358.0,707.0,3898.0,True
2024-10-01,paid_search,302107.0,621,387.0,121.0,486.0,781.0,2497.0,True
2024-10-01,paid_social,297631.0,881,428.0,68.0,338.0,695.0,4377.0,True
2024-10-01,partnerships,51700.0,271,189.0,82.0,191.0,274.0,630.0,True
2024-10-01,referral,55434.0,264,169.0,65.0,210.0,328.0,853.0,True
2024-11-01,affiliate,125529.0,354,199.0,22.0,355.0,631.0,5706.0,True
2024-11-01,paid_search,294074.0,590,330.0,94.0,498.0,891.0,3128.0,True
2024-11-01,paid_social,212480.0,690,317.0,47.0,308.0,670.0,4521.0,True
2024-11-01,partnerships,49004.0,265,177.0,79.0,185.0,277.0,620.0,True
2024-11-01,referral,60623.0,254,162.0,64.0,239.0,374.0,947.0,True
2024-12-01,affiliate,123352.0,342,174.0,22.0,361.0,709.0,5607.0,True
2024-12-01,paid_search,255625.0,558,343.0,114.0,458.0,745.0,2242.0,True
2024-12-01,paid_social,146111.0,559,273.0,30.0,261.0,535.0,4870.0,True
2024-12-01,partnerships,51416.0,276,200.0,92.0,186.0,257.0,559.0,True
2024-12-01,referral,72930.0,293,197.0,70.0,249.0,370.0,1042.0,True
2025-01-01,affiliate,138619.0,404,212.0,34.0,343.0,654.0,4077.0,True
2025-01-01,paid_search,257248.0,605,343.0,95.0,425.0,750.0,2708.0,True
2025-01-01,paid_social,191726.0,585,253.0,51.0,328.0,758.0,3759.0,True
2025-01-01,partnerships,44314.0,285,202.0,87.0,155.0,219.0,509.0,True
2025-01-01,referral,72613.0,298,193.0,68.0,244.0,376.0,1068.0,True
2025-02-01,affiliate,128615.0,346,177.0,19.0,372.0,727.0,6769.0,True
2025-02-01,paid_search,205912.0,534,301.0,78.0,386.0,684.0,2640.0,True
2025-02-01,paid_social,134723.0,600,260.0,37.0,225.0,518.0,3641.0,True
2025-02-01,partnerships,47457.0,264,183.0,73.0,180.0,259.0,650.0,True
2025-02-01,referral,68213.0,314,213.0,82.0,217.0,320.0,832.0,True
2025-03-01,affiliate,167735.0,373,196.0,32.0,450.0,856.0,5242.0,True
2025-03-01,paid_search,321284.0,629,345.0,101.0,511.0,931.0,3181.0,True
2025-03-01,paid_social,151552.0,570,277.0,29.0,266.0,547.0,5226.0,True
2025-03-01,partnerships,51602.0,269,175.0,76.0,192.0,295.0,679.0,True
2025-03-01,referral,78881.0,309,201.0,63.0,255.0,392.0,1252.0,True
2025-04-01,affiliate,148161.0,401,192.0,26.0,369.0,772.0,5698.0,True
2025-04-01,paid_search,294718.0,653,384.0,120.0,451.0,767.0,2456.0,True
2025-04-01,paid_social,177926.0,621,284.0,42.0,287.0,627.0,4236.0,True
2025-04-01,partnerships,60102.0,287,195.0,98.0,209.0,308.0,613.0,True
2025-04-01,referral,84344.0,332,230.0,91.0,254.0,367.0,927.0,True
2025-05-01,affiliate,119871.0,385,204.0,33.0,311.0,588.0,3632.0,True
2025-05-01,paid_search,335093.0,625,334.0,97.0,536.0,1003.0,3455.0,True
2025-05-01,paid_social,162774.0,685,326.0,52.0,238.0,499.0,3130.0,True
2025-05-01,partnerships,50806.0,300,205.0,88.0,169.0,248.0,577.0,True
2025-05-01,referral,107211.0,372,253.0,91.0,288.0,424.0,1178.0,True
2025-06-01,affiliate,142880.0,418,212.0,28.0,342.0,674.0,5103.0,True
2025-06-01,paid_search,338644.0,644,367.0,112.0,526.0,923.0,3024.0,True
2025-06-01,paid_social,181939.0,686,324.0,62.0,265.0,562.0,2934.0,True
2025-06-01,partnerships,54450.0,306,215.0,82.0,178.0,253.0,664.0,True
2025-06-01,referral,74711.0,356,233.0,85.0,210.0,321.0,879.0,True
2025-07-01,affiliate,147824.0,410,225.0,28.0,361.0,657.0,5279.0,True
2025-07-01,paid_search,380583.0,669,369.0,118.0,569.0,1031.0,3225.0,True
2025-07-01,paid_social,231922.0,712,328.0,44.0,326.0,707.0,5271.0,True
2025-07-01,partnerships,68693.0,346,228.0,94.0,199.0,301.0,731.0,True
2025-07-01,referral,91347.0,387,258.0,95.0,236.0,354.0,962.0,True
2025-08-01,affiliate,156009.0,389,200.0,23.0,401.0,780.0,6783.0,True
2025-08-01,paid_search,385227.0,654,372.0,111.0,589.0,1036.0,3471.0,True
2025-08-01,paid_social,188591.0,716,344.0,37.0,263.0,548.0,5097.0,True
2025-08-01,partnerships,67854.0,331,250.0,117.0,205.0,271.0,580.0,True
2025-08-01,referral,118671.0,469,310.0,106.0,253.0,383.0,1120.0,True
2025-09-01,affiliate,667778.0,1601,797.0,19.0,417.0,838.0,35146.0,True
2025-09-01,paid_search,369289.0,716,410.0,123.0,516.0,901.0,3002.0,True
2025-09-01,paid_social,250717.0,720,321.0,53.0,348.0,781.0,4731.0,True
2025-09-01,partnerships,76905.0,364,241.0,109.0,211.0,319.0,706.0,True
2025-09-01,referral,94012.0,400,261.0,107.0,235.0,360.0,879.0,True
2025-10-01,affiliate,213597.0,569,293.0,46.0,375.0,729.0,4643.0,True
2025-10-01,paid_search,633788.0,925,540.0,162.0,685.0,1174.0,3912.0,True
2025-10-01,paid_social,664031.0,1557,737.0,101.0,426.0,901.0,6575.0,True
2025-10-01,partnerships,340000.0,440,316.0,142.0,773.0,1076.0,2394.0,True
2025-10-01,referral,115374.0,557,366.0,106.0,207.0,315.0,1088.0,True
2025-11-01,affiliate,172881.0,477,271.0,34.0,362.0,638.0,5085.0,True
2025-11-01,paid_search,379621.0,795,450.0,125.0,478.0,844.0,3037.0,True
2025-11-01,paid_social,434350.0,1144,542.0,87.0,380.0,801.0,4993.0,True
2025-11-01,partnerships,87826.0,393,268.0,103.0,223.0,328.0,853.0,True
2025-11-01,referral,144235.0,514,335.0,119.0,281.0,431.0,1212.0,True
2025-12-01,affiliate,136195.0,428,212.0,23.0,318.0,642.0,5922.0,True
2025-12-01,paid_search,393740.0,794,474.0,145.0,496.0,831.0,2715.0,True
2025-12-01,paid_social,221478.0,803,355.0,43.0,276.0,624.0,5151.0,True
2025-12-01,partnerships,70918.0,401,277.0,127.0,177.0,256.0,558.0,True
2025-12-01,referral,135888.0,507,350.0,114.0,268.0,388.0,1192.0,True
2026-01-01,affiliate,203177.0,461,238.0,38.0,441.0,854.0,5347.0,True
2026-01-01,paid_search,462845.0,764,437.0,128.0,606.0,1059.0,3616.0,True
2026-01-01,paid_social,185616.0,780,348.0,53.0,238.0,533.0,3502.0,True
2026-01-01,partnerships,90413.0,364,240.0,101.0,248.0,377.0,895.0,True
2026-01-01,referral,128459.0,557,385.0,142.0,231.0,334.0,905.0,True
2026-02-01,affiliate,128550.0,415,216.0,34.0,310.0,595.0,3781.0,True
2026-02-01,paid_search,380505.0,708,418.0,128.0,537.0,910.0,2973.0,True
2026-02-01,paid_social,244344.0,781,357.0,66.0,313.0,684.0,3702.0,True
2026-02-01,partnerships,78632.0,363,253.0,104.0,217.0,311.0,756.0,True
2026-02-01,referral,118342.0,533,341.0,125.0,222.0,347.0,947.0,True
2026-03-01,affiliate,168099.0,474,288.0,32.0,355.0,584.0,5253.0,True
2026-03-01,paid_search,416854.0,773,479.0,149.0,539.0,870.0,2798.0,True
2026-03-01,paid_social,283874.0,882,450.0,64.0,322.0,631.0,4436.0,True
2026-03-01,partnerships,69714.0,438,324.0,143.0,159.0,215.0,488.0,True
2026-03-01,referral,108114.0,511,361.0,137.0,212.0,299.0,789.0,True
2026-04-01,affiliate,160809.0,464,261.0,48.0,347.0,616.0,3350.0,True
2026-04-01,paid_search,374913.0,754,462.0,164.0,497.0,811.0,2286.0,True
2026-04-01,paid_social,247046.0,889,462.0,73.0,278.0,535.0,3384.0,True
2026-04-01,partnerships,65924.0,379,278.0,114.0,174.0,237.0,578.0,True
2026-04-01,referral,117049.0,564,384.0,138.0,208.0,305.0,848.0,True
2026-05-01,affiliate,200549.0,462,270.0,38.0,434.0,743.0,5278.0,True
2026-05-01,paid_search,418856.0,812,517.0,146.0,516.0,810.0,2869.0,True
2026-05-01,paid_social,234006.0,885,460.0,72.0,264.0,509.0,3250.0,True
2026-05-01,partnerships,86956.0,433,321.0,137.0,201.0,271.0,635.0,True
2026-05-01,referral,141344.0,594,408.0,153.0,238.0,346.0,924.0,True
2026-06-01,affiliate,188127.0,461,249.0,28.0,408.0,756.0,6719.0,False
2026-06-01,paid_search,437451.0,829,509.0,135.0,528.0,859.0,3240.0,False
2026-06-01,paid_social,317593.0,943,447.0,61.0,337.0,710.0,5206.0,False
2026-06-01,partnerships,76623.0,425,318.0,112.0,180.0,241.0,684.0,False
2026-06-01,referral,142229.0,643,436.0,157.0,221.0,326.0,906.0,False
