date_day,kyc_completions_backend,kyc_completions_tracked,untracked,tracked_pct,tracking_gap
2025-05-01,48,48,0,100.0,False
2025-05-02,47,47,0,100.0,False
2025-05-03,56,56,0,100.0,False
2025-05-04,45,45,0,100.0,False
2025-05-05,48,48,0,100.0,False
2025-05-06,60,60,0,100.0,False
2025-05-07,69,69,0,100.0,False
2025-05-08,54,54,0,100.0,False
2025-05-09,61,61,0,100.0,False
2025-05-10,59,59,0,100.0,False
2025-05-11,39,39,0,100.0,False
2025-05-12,67,25,42,37.3,True
2025-05-13,56,19,37,33.9,True
2025-05-14,71,30,41,42.3,True
2025-05-15,56,22,34,39.3,True
2025-05-16,67,51,16,76.1,True
2025-05-17,58,40,18,69.0,True
2025-05-18,51,34,17,66.7,True
2025-05-19,62,48,14,77.4,True
2025-05-20,60,40,20,66.7,True
2025-05-21,60,44,16,73.3,True
2025-05-22,58,39,19,67.2,True
2025-05-23,59,44,15,74.6,True
2025-05-24,49,38,11,77.6,True
2025-05-25,55,33,22,60.0,True
2025-05-26,63,49,14,77.8,True
2025-05-27,66,49,17,74.2,True
2025-05-28,60,43,17,71.7,True
2025-05-29,63,44,19,69.8,True
2025-05-30,64,64,0,100.0,False
2025-05-31,52,52,0,100.0,False
2025-06-01,56,56,0,100.0,False
2025-06-02,59,59,0,100.0,False
2025-06-03,56,56,0,100.0,False
2025-06-04,63,63,0,100.0,False
2025-06-05,54,54,0,100.0,False
2025-06-06,53,53,0,100.0,False
2025-06-07,63,63,0,100.0,False
2025-06-08,57,57,0,100.0,False
2025-06-09,62,62,0,100.0,False
2025-06-10,56,56,0,100.0,False
2025-06-11,79,79,0,100.0,False
2025-06-12,64,64,0,100.0,False
2025-06-13,65,65,0,100.0,False
2025-06-14,47,47,0,100.0,False
2025-06-15,54,54,0,100.0,False
