query,rows,columns,runtime_ms
01_funnel_conversion__funnel_overall,7,6,101.4
01_funnel_conversion__funnel_by_cohort_month,23,6,4.1
01_funnel_conversion__funnel_by_channel,6,6,9.2
02_funnel_dropoff__kyc_dropoff_by_segment,18,8,19.5
02_funnel_dropoff__biggest_leak_by_month,23,4,15.9
02_funnel_dropoff__time_to_convert,3,7,169.1
02_funnel_dropoff__kyc_weekly_trend,104,5,31.2
03_cohort_retention__activity_retention_matrix,300,5,126.2
03_cohort_retention__retention_curve_by_borrower_status,26,5,131.8
03_cohort_retention__cohort_quality,23,7,13.3
04_active_users__mau_growth_accounting,24,9,104.7
04_active_users__stickiness,24,4,61.9
04_active_users__active_users_by_platform_latest_month,3,4,25.5
05_customer_ltv__ltv_cac_by_channel,6,11,39.9
05_customer_ltv__cumulative_value_curve,101,4,85.9
05_customer_ltv__value_concentration,10,5,13.3
06_revenue_analysis__monthly_revenue,24,11,16.5
06_revenue_analysis__revenue_mix_by_product,159,6,16.7
06_revenue_analysis__product_economics,7,11,8.7
06_revenue_analysis__portfolio_yield,24,5,5.9
07_delinquency__dpd_distribution_current,35,5,5.6
07_delinquency__portfolio_quality_trend,24,6,3.4
07_delinquency__vintage_curves,66,5,10.0
07_delinquency__risk_by_segment,19,7,8.5
07_delinquency__festive_season_risk,12,5,4.7
08_approval_disbursement__approval_disbursal_monthly,24,8,7.6
08_approval_disbursement__approval_by_product_and_band,35,5,6.4
08_approval_disbursement__rejection_reason_mix,156,4,10.0
08_approval_disbursement__turnaround_times,7,5,14.5
09_repeat_borrowing__repeat_rate_by_product,7,5,11.8
09_repeat_borrowing__days_to_next_loan,7,4,7.9
09_repeat_borrowing__cross_sell_matrix,47,4,10.6
09_repeat_borrowing__repeat_drivers,12,4,37.3
09_repeat_borrowing__repeat_share_monthly,24,5,1.1
10_product_adoption__product_adoption_monthly,159,5,9.2
10_product_adoption__credit_line_launch,15,5,9.7
10_product_adoption__feature_adoption_impact,4,8,20.7
10_product_adoption__sessionization_last_month,3,5,286.2
11_customer_segmentation__rfm_segments,6,8,23.7
12_anomaly_detection__daily_metric_anomalies,121,7,256.1
13_marketing_cac__cac_by_channel_month,120,10,46.8
13_marketing_cac__blended_cac_monthly,24,8,12.0
13_marketing_cac__campaign_scorecard,122,13,19.3
14_experiment_readout__onboarding_experiment_metrics,2,13,24.7
14_experiment_readout__sample_ratio_check,3,4,4.3
14_experiment_readout__autopay_experiment_metrics,2,4,4.1
14_experiment_readout__fee_transparency_experiment_metrics,2,3,4.3
15_data_reconciliation__kyc_tracking_gap_daily,46,6,8.0
15_data_reconciliation__kyc_tracking_by_app_version,7,5,24.9
15_data_reconciliation__ledger_vs_schedule,1,4,14.4
