application_id,customer_id,product_id,started_ts,submitted_ts,requested_amount,requested_tenure_months,loan_purpose,application_platform,is_repeat_customer,internal_risk_score,risk_band,decision,decision_ts,rejection_reason,sanctioned_amount,application_status
APP0000001,C000008,P05,2024-07-01 11:05:37,2024-07-01 11:27:13,120000.0,18,inventory,android,False,9.67,C,approved,2024-07-04 06:14:30,,120000.0,disbursed
APP0000002,C000016,P01,2024-07-01 12:52:23,2024-07-01 13:03:48,169000.0,9,medical,android,False,9.52,C,rejected,2024-07-01 13:04:26,high_existing_obligations,,rejected
APP0000003,C000053,P02,2024-07-01 18:49:22,2024-07-01 18:57:19,47000.0,2,salary_advance,android,False,1.05,A,approved,2024-07-01 19:01:22,,47000.0,disbursed
APP0000004,C000071,P01,2024-07-01 21:52:06,,156000.0,9,other,android,False,,,,,,,abandoned
APP0000005,C000042,P01,2024-07-01 22:32:18,,114000.0,12,medical,android,False,,,,,,,abandoned
APP0000006,C000033,P02,2024-07-01 22:45:54,2024-07-01 22:54:39,11000.0,1,salary_advance,android,False,2.82,A,approved,2024-07-01 22:58:49,,11000.0,disbursed
APP0000007,C000063,P01,2024-07-01 23:25:04,,34000.0,18,medical,ios,False,,,,,,,abandoned
APP0000008,C000025,P02,2024-07-02 00:15:53,2024-07-02 00:19:23,25000.0,1,salary_advance,android,False,1.57,A,approved,2024-07-02 00:20:06,,19000.0,disbursed
APP0000009,C000003,P01,2024-07-02 01:51:09,2024-07-02 01:53:50,102000.0,12,wedding,android,False,9.4,C,rejected,2024-07-02 01:54:58,insufficient_income,,rejected
APP0000010,C000061,P05,2024-07-02 02:52:54,2024-07-02 03:36:51,51000.0,12,working_capital,android,False,10.56,D,approved,2024-07-03 20:44:48,,51000.0,disbursed
APP0000011,C000041,P02,2024-07-02 04:00:16,2024-07-02 04:31:05,11000.0,1,salary_advance,android,False,1.83,A,approved,2024-07-02 04:32:24,,11000.0,offer_expired
APP0000012,C000014,P01,2024-07-02 04:37:10,2024-07-02 05:07:40,83000.0,12,medical,android,False,15.14,D,rejected,2024-07-02 05:13:00,insufficient_income,,rejected
APP0000013,C000069,P01,2024-07-02 10:00:07,2024-07-02 10:04:48,173000.0,24,home_renovation,android,False,16.7,E,rejected,2024-07-02 10:09:06,low_bureau_score,,rejected
APP0000014,C000068,P04,2024-07-02 11:26:50,2024-07-02 11:33:24,42000.0,9,electronics,ios,False,2.87,A,approved,2024-07-02 11:37:55,,42000.0,disbursed
APP0000015,C000060,P01,2024-07-02 16:35:49,2024-07-02 17:08:34,85000.0,3,education,ios,False,8.68,C,rejected,2024-07-02 17:09:40,thin_credit_file,,rejected
APP0000016,C000087,P01,2024-07-02 18:01:13,2024-07-02 18:09:21,31000.0,3,home_renovation,android,False,3.95,B,approved,2024-07-02 18:11:14,,31000.0,disbursed
APP0000017,C000114,P02,2024-07-02 19:20:44,2024-07-02 19:22:27,17000.0,3,salary_advance,ios,False,4.98,B,rejected,2024-07-02 18:24:05,low_bureau_score,,rejected
APP0000018,C000029,P02,2024-07-02 19:40:31,2024-07-02 19:54:10,50000.0,2,salary_advance,ios,False,0.86,A,approved,2024-07-02 19:57:35,,50000.0,disbursed
APP0000019,C000138,P02,2024-07-02 20:05:26,2024-07-02 20:10:08,13000.0,1,salary_advance,ios,False,4.72,B,rejected,2024-07-02 20:10:53,risk_policy_cutoff,,rejected
APP0000020,C000012,P03,2024-07-02 21:48:50,,2900.0,1,online_shopping,android,False,,,,,,,abandoned
APP0000021,C000111,P01,2024-07-03 00:02:14,,62000.0,12,travel,android,False,,,,,,,abandoned
APP0000022,C000101,P02,2024-07-03 01:43:32,2024-07-03 01:51:20,7100.0,1,salary_advance,android,False,1.77,A,approved,2024-07-03 01:54:30,,7100.0,disbursed
APP0000023,C000117,P05,2024-07-03 02:32:11,,257000.0,18,working_capital,ios,False,,,,,,,abandoned
APP0000024,C000140,P06,2024-07-03 06:17:16,,238000.0,12,education,ios,False,,,,,,,abandoned
APP0000025,C000143,P03,2024-07-03 09:56:53,2024-07-03 10:07:00,3900.0,1,online_shopping,web,False,4.05,B,approved,2024-07-03 10:07:37,,3900.0,disbursed
APP0000026,C000155,P01,2024-07-03 10:17:52,2024-07-03 10:25:38,197000.0,12,other,ios,False,2.55,A,approved,2024-07-03 10:29:30,,197000.0,disbursed
APP0000027,C000118,P01,2024-07-03 12:40:28,2024-07-03 12:43:55,96000.0,18,travel,android,False,6.29,C,rejected,2024-07-03 12:44:32,thin_credit_file,,rejected
APP0000028,C000145,P04,2024-07-03 14:52:16,2024-07-03 15:01:37,62000.0,6,mobile_phone,android,False,3.98,B,rejected,2024-07-03 15:17:47,high_existing_obligations,,rejected
APP0000029,C000081,P01,2024-07-03 15:14:52,,130000.0,12,debt_consolidation,web,False,,,,,,,abandoned
APP0000030,C000158,P01,2024-07-03 16:53:51,2024-07-03 17:01:09,191000.0,12,debt_consolidation,android,False,6.52,C,rejected,2024-07-03 17:02:12,risk_policy_cutoff,,rejected
APP0000031,C000110,P02,2024-07-03 16:56:22,2024-07-03 17:09:42,20000.0,2,salary_advance,ios,False,2.74,A,rejected,2024-07-03 17:10:21,high_existing_obligations,,rejected
APP0000032,C000171,P03,2024-07-03 18:02:26,,6800.0,1,online_shopping,android,False,,,,,,,abandoned
APP0000033,C000187,P01,2024-07-03 20:13:10,2024-07-03 20:14:37,31000.0,12,debt_consolidation,android,False,2.63,A,approved,2024-07-03 20:16:02,,31000.0,offer_expired
APP0000034,C000177,P01,2024-07-03 21:18:18,2024-07-03 21:28:22,85000.0,12,debt_consolidation,android,False,7.46,C,rejected,2024-07-03 21:34:43,risk_policy_cutoff,,rejected
APP0000035,C000162,P01,2024-07-03 21:23:38,2024-07-03 21:32:40,69000.0,9,home_renovation,web,False,1.62,A,approved,2024-07-03 21:47:19,,69000.0,disbursed
APP0000036,C000127,P01,2024-07-03 22:14:37,2024-07-03 22:31:09,108000.0,6,home_renovation,android,False,4.89,B,approved,2024-07-03 22:32:39,,72000.0,disbursed
APP0000037,C000168,P05,2024-07-03 22:52:47,,93000.0,24,working_capital,android,False,,,,,,,abandoned
APP0000038,C000189,P02,2024-07-03 23:01:38,2024-07-03 23:07:37,14000.0,2,salary_advance,android,False,1.84,A,approved,2024-07-03 23:13:51,,14000.0,disbursed
APP0000039,C000090,P02,2024-07-03 23:22:21,,18000.0,1,salary_advance,android,False,,,,,,,abandoned
APP0000040,C000174,P03,2024-07-03 23:43:36,2024-07-03 23:50:06,19000.0,1,online_shopping,android,False,1.67,A,approved,2024-07-03 23:51:59,,19000.0,disbursed
APP0000041,C000227,P01,2024-07-04 02:43:03,,128000.0,6,home_renovation,android,False,,,,,,,abandoned
APP0000042,C000217,P02,2024-07-04 05:32:20,2024-07-04 05:35:27,12000.0,2,salary_advance,android,False,1.52,A,approved,2024-07-04 05:37:00,,12000.0,disbursed
APP0000043,C000216,P02,2024-07-04 07:05:07,2024-07-04 07:46:27,10000.0,2,salary_advance,android,False,2.78,A,approved,2024-07-04 07:47:43,,8000.0,disbursed
APP0000044,C000244,P03,2024-07-04 12:19:33,2024-07-04 12:26:04,9700.0,1,online_shopping,ios,False,1.91,A,approved,2024-07-04 12:28:42,,9700.0,disbursed
APP0000045,C000198,P03,2024-07-04 13:30:34,2024-07-04 13:32:51,5600.0,1,online_shopping,web,False,1.88,A,approved,2024-07-04 13:35:03,,5600.0,disbursed
APP0000046,C000241,P04,2024-07-04 13:55:26,2024-07-04 14:08:31,85000.0,9,mobile_phone,android,False,4.18,B,approved,2024-07-04 14:09:32,,85000.0,offer_expired
APP0000047,C000240,P03,2024-07-04 15:40:26,2024-07-04 16:20:57,15000.0,3,online_shopping,android,False,1.13,A,approved,2024-07-04 16:29:07,,15000.0,offer_expired
APP0000048,C000276,P06,2024-07-04 19:18:05,,97000.0,12,personal,android,False,,,,,,,abandoned
APP0000049,C000275,P06,2024-07-04 19:34:14,2024-07-04 20:13:50,49000.0,18,business,android,False,3.08,B,approved,2024-07-05 13:19:36,,49000.0,disbursed
APP0000050,C000293,P02,2024-07-04 22:25:42,2024-07-04 23:38:37,20000.0,3,salary_advance,android,False,2.81,A,approved,2024-07-04 23:39:10,,20000.0,offer_expired
APP0000051,C000267,P01,2024-07-04 23:14:41,2024-07-04 23:20:35,41000.0,12,home_renovation,android,False,13.07,D,rejected,2024-07-04 23:23:51,thin_credit_file,,rejected
APP0000052,C000234,P03,2024-07-05 00:22:19,,4300.0,1,online_shopping,ios,False,,,,,,,abandoned
APP0000053,C000268,P02,2024-07-05 01:28:20,2024-07-05 01:36:35,42000.0,1,salary_advance,android,False,0.72,A,approved,2024-07-05 01:38:28,,42000.0,offer_expired
APP0000054,C000203,P02,2024-07-05 01:58:27,2024-07-05 02:23:16,9800.0,3,salary_advance,android,False,2.23,A,approved,2024-07-05 02:24:45,,8000.0,disbursed
APP0000055,C000302,P03,2024-07-05 02:51:37,2024-07-05 02:59:31,5800.0,3,online_shopping,android,False,0.77,A,approved,2024-07-05 03:01:49,,5800.0,disbursed
APP0000056,C000270,P01,2024-07-05 06:15:17,2024-07-05 06:20:54,200000.0,6,other,ios,False,1.72,A,approved,2024-07-05 06:27:02,,200000.0,disbursed
APP0000057,C000317,P05,2024-07-05 10:30:36,2024-07-05 11:20:55,113000.0,36,equipment,android,False,16.2,E,rejected,2024-07-07 02:16:59,policy_ineligible,,rejected
APP0000058,C000215,P04,2024-07-05 11:38:34,2024-07-05 11:48:11,41000.0,6,mobile_phone,android,False,2.56,A,approved,2024-07-05 11:50:06,,41000.0,disbursed
APP0000059,C000347,P05,2024-07-05 15:43:28,2024-07-05 16:03:03,263000.0,24,inventory,android,False,21.4,E,rejected,2024-07-06 14:25:02,insufficient_income,,rejected
APP0000060,C000340,P01,2024-07-05 16:03:28,2024-07-05 16:11:13,174000.0,18,other,web,False,22.73,E,rejected,2024-07-05 16:14:07,thin_credit_file,,rejected
APP0000061,C000289,P04,2024-07-05 16:14:29,2024-07-05 16:50:41,91000.0,9,mobile_phone,android,False,7.8,C,approved,2024-07-05 16:51:51,,91000.0,disbursed
APP0000062,C000282,P05,2024-07-05 17:14:23,,94000.0,12,working_capital,android,False,,,,,,,abandoned
APP0000063,C000283,P06,2024-07-05 17:21:17,2024-07-05 18:11:05,56000.0,18,personal,android,False,9.54,C,rejected,2024-07-06 11:41:45,thin_credit_file,,rejected
APP0000064,C000318,P04,2024-07-05 17:51:09,2024-07-05 17:53:44,68000.0,12,home_appliances,android,False,20.22,E,rejected,2024-07-05 17:56:37,policy_ineligible,,rejected
APP0000065,C000294,P01,2024-07-05 18:45:03,,36000.0,6,medical,android,False,,,,,,,abandoned
APP0000066,C000210,P04,2024-07-05 18:51:41,2024-07-05 19:12:24,39000.0,18,electronics,android,False,3.78,B,approved,2024-07-05 19:21:07,,39000.0,disbursed
APP0000067,C000248,P06,2024-07-05 18:59:33,2024-07-05 20:00:32,148000.0,12,education,android,False,8.58,C,rejected,2024-07-06 09:55:27,insufficient_income,,rejected
APP0000068,C000335,P02,2024-07-05 19:13:47,2024-07-05 19:18:03,20000.0,2,salary_advance,android,False,3.86,B,rejected,2024-07-05 19:20:52,thin_credit_file,,rejected
APP0000069,C000345,P05,2024-07-05 20:22:01,2024-07-05 20:49:19,169000.0,24,inventory,ios,False,21.32,E,rejected,2024-07-09 16:26:07,low_bureau_score,,rejected
APP0000070,C000363,P03,2024-07-05 21:12:53,2024-07-05 21:24:12,2000.0,6,online_shopping,android,False,6.64,C,approved,2024-07-05 21:32:47,,2000.0,disbursed
APP0000071,C000327,P02,2024-07-06 01:59:44,2024-07-06 02:17:44,39000.0,3,salary_advance,android,False,4.86,B,rejected,2024-07-06 02:18:26,thin_credit_file,,rejected
APP0000072,C000344,P02,2024-07-06 02:53:42,2024-07-06 03:12:32,31000.0,2,salary_advance,android,False,6.61,C,rejected,2024-07-06 03:18:45,low_bureau_score,,rejected
APP0000073,C000375,P03,2024-07-06 04:24:57,2024-07-06 04:35:26,3200.0,6,online_shopping,android,False,1.66,A,approved,2024-07-06 04:35:56,,3200.0,disbursed
APP0000074,C000385,P02,2024-07-06 05:19:22,2024-07-06 05:24:59,25000.0,2,salary_advance,android,False,3.24,B,rejected,2024-07-06 05:29:37,risk_policy_cutoff,,rejected
APP0000075,C000256,P03,2024-07-06 06:44:11,2024-07-06 06:50:18,4500.0,1,online_shopping,android,False,3.01,B,approved,2024-07-06 06:53:06,,4500.0,disbursed
APP0000076,C000350,P04,2024-07-06 07:40:14,,35000.0,18,mobile_phone,ios,False,,,,,,,abandoned
APP0000077,C000352,P02,2024-07-06 08:45:29,,20000.0,1,salary_advance,android,False,,,,,,,abandoned
APP0000078,C000161,P02,2024-07-06 09:02:57,2024-07-06 09:07:25,50000.0,3,salary_advance,ios,False,2.25,A,approved,2024-07-06 09:18:31,,50000.0,disbursed
APP0000079,C000398,P03,2024-07-06 10:51:05,2024-07-06 10:53:12,2600.0,3,online_shopping,android,False,6.14,C,approved,2024-07-06 10:54:44,,2600.0,disbursed
APP0000080,C000337,P01,2024-07-06 11:01:26,2024-07-06 11:11:39,23000.0,9,other,android,False,7.92,C,approved,2024-07-06 11:12:09,,23000.0,disbursed
APP0000081,C000185,P01,2024-07-06 11:42:54,2024-07-06 11:44:13,200000.0,18,other,ios,False,7.31,C,rejected,2024-07-06 11:53:57,low_bureau_score,,rejected
APP0000082,C000333,P05,2024-07-06 12:05:49,2024-07-06 12:30:06,245000.0,36,working_capital,android,False,23.56,E,rejected,2024-07-06 18:35:30,insufficient_income,,rejected
APP0000083,C000396,P02,2024-07-06 12:17:15,2024-07-06 12:41:29,14000.0,3,salary_advance,android,False,7.25,C,rejected,2024-07-06 12:44:25,high_existing_obligations,,rejected
APP0000084,C000306,P02,2024-07-06 12:43:15,2024-07-06 12:47:55,20000.0,2,salary_advance,android,False,1.44,A,approved,2024-07-06 12:52:40,,20000.0,disbursed
APP0000085,C000394,P06,2024-07-06 12:47:39,,88000.0,12,personal,android,False,,,,,,,abandoned
APP0000086,C000390,P05,2024-07-06 13:53:20,,76000.0,24,inventory,ios,False,,,,,,,abandoned
APP0000087,C000074,P03,2024-07-06 14:00:25,,5500.0,6,online_shopping,android,False,,,,,,,abandoned
APP0000088,C000007,P03,2024-07-06 14:20:34,2024-07-06 14:36:59,8400.0,6,online_shopping,android,False,4.45,B,approved,2024-07-06 14:40:25,,8400.0,disbursed
APP0000089,C000331,P03,2024-07-06 14:35:17,2024-07-06 14:57:21,1000.0,1,online_shopping,android,False,2.64,A,approved,2024-07-06 15:01:38,,1000.0,disbursed
APP0000090,C000407,P01,2024-07-06 15:44:56,2024-07-06 15:46:40,48000.0,9,debt_consolidation,android,False,1.03,A,approved,2024-07-06 15:52:22,,48000.0,disbursed
APP0000091,C000321,P02,2024-07-06 15:50:40,2024-07-06 15:53:40,17000.0,1,salary_advance,android,False,0.4,A,approved,2024-07-06 15:55:22,,17000.0,disbursed
APP0000092,C000089,P01,2024-07-06 16:04:58,2024-07-06 16:12:09,94000.0,6,wedding,android,False,3.69,B,rejected,2024-07-06 16:16:46,high_existing_obligations,,rejected
APP0000093,C000386,P05,2024-07-06 16:08:06,,404000.0,12,equipment,android,False,,,,,,,abandoned
APP0000094,C000360,P02,2024-07-06 16:17:08,,15000.0,1,salary_advance,android,False,,,,,,,abandoned
APP0000095,C000320,P01,2024-07-06 17:16:34,,47000.0,9,travel,android,False,,,,,,,abandoned
APP0000096,C000391,P01,2024-07-06 18:23:44,2024-07-06 18:27:58,105000.0,9,debt_consolidation,android,False,23.16,E,rejected,2024-07-06 18:29:56,thin_credit_file,,rejected
APP0000097,C000392,P04,2024-07-06 18:44:08,2024-07-06 18:58:47,53000.0,9,electronics,ios,False,25.08,E,rejected,2024-07-06 18:59:23,low_bureau_score,,rejected
APP0000098,C000402,P01,2024-07-06 19:59:58,2024-07-06 20:03:39,79000.0,9,debt_consolidation,android,False,47.87,E,rejected,2024-07-06 20:05:03,low_bureau_score,,rejected
APP0000099,C000405,P01,2024-07-06 20:32:51,2024-07-06 20:43:11,35000.0,12,medical,android,False,5.73,B,approved,2024-07-06 20:44:05,,35000.0,disbursed
APP0000100,C000271,P03,2024-07-06 21:21:05,2024-07-06 21:36:27,3200.0,1,online_shopping,android,False,1.75,A,approved,2024-07-06 21:37:36,,3200.0,disbursed
APP0000101,C000367,P03,2024-07-06 23:01:51,2024-07-06 23:14:27,15000.0,3,online_shopping,android,False,7.16,C,approved,2024-07-06 23:15:04,,11000.0,disbursed
APP0000102,C000425,P03,2024-07-06 23:19:20,2024-07-06 23:22:14,6800.0,3,online_shopping,android,False,3.87,B,approved,2024-07-06 23:26:55,,6800.0,disbursed
APP0000103,C000445,P01,2024-07-07 01:27:09,2024-07-07 01:34:49,172000.0,6,wedding,android,False,12.32,D,rejected,2024-07-07 01:43:25,thin_credit_file,,rejected
APP0000104,C000179,P02,2024-07-07 02:52:01,2024-07-07 02:53:26,23000.0,1,salary_advance,android,False,0.72,A,approved,2024-07-07 02:55:01,,23000.0,disbursed
APP0000105,C000091,P05,2024-07-07 04:27:21,,449000.0,36,inventory,android,False,,,,,,,abandoned
APP0000106,C000413,P02,2024-07-07 05:59:54,2024-07-07 06:19:18,16000.0,2,salary_advance,android,False,0.64,A,approved,2024-07-07 06:19:58,,16000.0,disbursed
APP0000107,C000222,P06,2024-07-07 06:09:22,,47000.0,12,business,ios,False,,,,,,,abandoned
APP0000108,C000432,P02,2024-07-07 06:14:59,2024-07-07 06:22:14,30000.0,1,salary_advance,android,False,1.11,A,approved,2024-07-07 06:23:13,,30000.0,disbursed
APP0000109,C000431,P06,2024-07-07 06:36:04,2024-07-07 06:40:01,101000.0,12,personal,android,False,7.74,C,approved,2024-07-11 06:23:06,,101000.0,offer_expired
APP0000110,C000093,P03,2024-07-07 11:59:26,2024-07-07 12:05:00,4300.0,1,online_shopping,android,False,1.97,A,approved,2024-07-07 12:07:55,,4300.0,disbursed
APP0000111,C000460,P01,2024-07-07 13:03:21,2024-07-07 13:09:16,99000.0,12,debt_consolidation,android,False,12.82,D,rejected,2024-07-07 13:11:17,risk_policy_cutoff,,rejected
APP0000112,C000458,P03,2024-07-07 14:47:01,2024-07-07 15:16:18,1600.0,3,online_shopping,android,False,0.45,A,approved,2024-07-07 15:23:08,,1600.0,disbursed
APP0000113,C000434,P01,2024-07-07 15:08:11,,200000.0,6,medical,android,False,,,,,,,abandoned
APP0000114,C000314,P01,2024-07-07 15:12:06,2024-07-07 15:35:26,47000.0,6,debt_consolidation,android,False,3.85,B,approved,2024-07-07 15:38:22,,47000.0,disbursed
APP0000115,C000448,P01,2024-07-07 16:08:12,2024-07-07 16:13:43,200000.0,12,debt_consolidation,android,False,9.92,C,rejected,2024-07-07 16:25:30,thin_credit_file,,rejected
APP0000116,C000109,P04,2024-07-07 16:10:53,2024-07-07 16:12:30,28000.0,18,mobile_phone,android,False,2.23,A,approved,2024-07-07 16:13:39,,28000.0,disbursed
APP0000117,C000489,P04,2024-07-07 16:16:54,2024-07-07 16:21:34,62000.0,18,mobile_phone,ios,False,7.75,C,approved,2024-07-07 16:23:06,,42000.0,disbursed
APP0000118,C000447,P05,2024-07-07 16:37:29,2024-07-07 16:39:47,274000.0,18,equipment,android,False,18.99,E,rejected,2024-07-07 19:18:44,policy_ineligible,,rejected
APP0000119,C000488,P05,2024-07-07 17:21:23,2024-07-07 18:06:41,139000.0,18,equipment,android,False,6.98,C,approved,2024-07-09 22:13:10,,139000.0,disbursed
APP0000120,C000172,P02,2024-07-07 18:20:11,2024-07-07 18:30:11,40000.0,1,salary_advance,android,False,2.51,A,approved,2024-07-07 18:33:18,,25000.0,disbursed
APP0000121,C000499,P02,2024-07-07 18:43:39,2024-07-07 18:59:58,17000.0,3,salary_advance,android,False,3.83,B,rejected,2024-07-07 19:10:48,high_existing_obligations,,rejected
APP0000122,C000498,P04,2024-07-07 19:39:00,2024-07-07 19:50:34,18000.0,12,mobile_phone,android,False,3.72,B,approved,2024-07-07 19:53:09,,18000.0,disbursed
APP0000123,C000500,P01,2024-07-07 21:13:19,2024-07-07 21:45:58,34000.0,24,medical,android,False,4.53,B,approved,2024-07-07 21:46:47,,27000.0,disbursed
APP0000124,C000005,P05,2024-07-07 23:24:38,2024-07-08 00:53:54,354000.0,36,working_capital,android,False,8.25,C,approved,2024-07-08 17:23:51,,265000.0,disbursed
APP0000125,C000430,P06,2024-07-07 23:32:53,,88000.0,18,business,ios,False,,,,,,,abandoned
APP0000126,C000422,P01,2024-07-08 01:37:03,2024-07-08 01:44:43,119000.0,6,debt_consolidation,android,False,2.7,A,approved,2024-07-08 01:46:31,,119000.0,disbursed
APP0000127,C000121,P01,2024-07-08 02:16:06,2024-07-08 02:39:48,33000.0,12,medical,ios,False,18.4,E,rejected,2024-07-08 02:41:18,thin_credit_file,,rejected
APP0000128,C000456,P02,2024-07-08 02:55:18,2024-07-08 03:09:36,21000.0,1,salary_advance,android,False,2.03,A,approved,2024-07-08 03:15:10,,17000.0,disbursed
APP0000129,C000475,P01,2024-07-08 04:29:02,,200000.0,6,medical,android,False,,,,,,,abandoned
APP0000130,C000453,P01,2024-07-08 04:34:04,2024-07-08 04:35:53,119000.0,18,education,android,False,20.69,E,rejected,2024-07-08 04:37:53,thin_credit_file,,rejected
APP0000131,C000511,P03,2024-07-08 05:19:20,2024-07-08 05:28:04,6200.0,1,online_shopping,android,False,14.04,D,rejected,2024-07-08 05:29:53,high_existing_obligations,,rejected
APP0000132,C000520,P06,2024-07-08 06:14:45,,35000.0,18,business,android,False,,,,,,,abandoned
APP0000133,C000510,P02,2024-07-08 07:18:45,,38000.0,1,salary_advance,web,False,,,,,,,abandoned
APP0000134,C000514,P04,2024-07-08 07:31:08,2024-07-08 07:41:35,36000.0,12,home_appliances,android,False,7.3,C,approved,2024-07-08 07:43:02,,36000.0,disbursed
APP0000135,C000468,P03,2024-07-08 10:26:41,2024-07-08 10:28:40,8400.0,3,online_shopping,android,False,0.84,A,approved,2024-07-08 10:33:52,,8400.0,disbursed
APP0000136,C000536,P01,2024-07-08 12:44:47,2024-07-08 12:54:01,39000.0,18,debt_consolidation,ios,False,5.57,B,approved,2024-07-08 13:00:49,,26000.0,disbursed
APP0000137,C000555,P05,2024-07-08 13:06:29,2024-07-08 15:22:30,67000.0,36,working_capital,android,False,4.57,B,approved,2024-07-08 19:21:04,,67000.0,disbursed
APP0000138,C000516,P01,2024-07-08 13:07:36,2024-07-08 13:27:19,99000.0,9,debt_consolidation,ios,False,22.75,E,rejected,2024-07-08 13:27:51,thin_credit_file,,rejected
APP0000139,C000474,P02,2024-07-08 13:36:23,2024-07-08 13:58:45,18000.0,1,salary_advance,android,False,13.85,D,rejected,2024-07-08 14:00:03,low_bureau_score,,rejected
APP0000140,C000480,P02,2024-07-08 14:31:46,2024-07-08 14:35:34,16000.0,2,salary_advance,android,False,1.07,A,approved,2024-07-08 14:39:58,,16000.0,disbursed
APP0000141,C000303,P01,2024-07-08 14:48:19,,86000.0,24,other,ios,False,,,,,,,abandoned
APP0000142,C000523,P03,2024-07-08 15:19:21,2024-07-08 15:40:19,1200.0,1,online_shopping,ios,False,10.53,D,rejected,2024-07-08 15:43:02,thin_credit_file,,rejected
APP0000143,C000533,P02,2024-07-08 17:33:38,2024-07-08 17:37:26,13000.0,1,salary_advance,android,False,1.8,A,approved,2024-07-08 17:38:39,,13000.0,disbursed
APP0000144,C000490,P05,2024-07-08 18:20:06,,146000.0,24,working_capital,android,False,,,,,,,abandoned
APP0000145,C000494,P05,2024-07-08 18:27:14,2024-07-08 19:05:58,74000.0,18,working_capital,android,False,4.71,B,approved,2024-07-08 22:43:41,,74000.0,disbursed
APP0000146,C000530,P02,2024-07-08 19:43:31,2024-07-08 19:53:59,24000.0,2,salary_advance,android,False,1.76,A,approved,2024-07-08 19:55:56,,15000.0,offer_expired
APP0000147,C000527,P01,2024-07-08 21:05:27,2024-07-08 21:38:03,117000.0,6,medical,android,False,13.74,D,rejected,2024-07-08 21:39:26,thin_credit_file,,rejected
APP0000148,C000601,P06,2024-07-08 21:29:39,2024-07-08 23:34:13,51000.0,6,personal,android,False,3.18,B,approved,2024-07-09 11:57:40,,51000.0,disbursed
APP0000149,C000408,P04,2024-07-08 22:03:54,2024-07-08 22:09:28,51000.0,12,home_appliances,android,False,9.68,C,rejected,2024-07-08 22:10:39,risk_policy_cutoff,,rejected
APP0000150,C000562,P02,2024-07-08 22:30:13,2024-07-08 22:58:01,15000.0,1,salary_advance,android,False,11.02,D,rejected,2024-07-08 22:59:00,low_bureau_score,,rejected
APP0000151,C000576,P05,2024-07-08 23:26:17,,140000.0,24,working_capital,android,False,,,,,,,abandoned
APP0000152,C000613,P01,2024-07-08 23:54:39,2024-07-08 23:59:21,200000.0,24,debt_consolidation,android,False,13.75,D,rejected,2024-07-09 00:00:20,low_bureau_score,,rejected
APP0000153,C000592,P06,2024-07-09 01:00:23,2024-07-09 02:33:50,133000.0,18,personal,ios,False,8.28,C,rejected,2024-07-13 18:32:49,insufficient_income,,rejected
APP0000154,C000607,P02,2024-07-09 02:02:50,2024-07-09 02:10:46,16000.0,1,salary_advance,ios,False,0.91,A,approved,2024-07-09 02:16:34,,16000.0,disbursed
APP0000155,C000300,P02,2024-07-09 03:19:58,2024-07-09 03:43:06,7900.0,1,salary_advance,web,False,2.6,A,rejected,2024-07-09 03:47:00,thin_credit_file,,rejected
APP0000156,C000596,P02,2024-07-09 05:27:15,2024-07-09 05:30:07,17000.0,1,salary_advance,ios,False,2.09,A,approved,2024-07-09 05:33:41,,17000.0,disbursed
APP0000157,C000374,P03,2024-07-09 07:44:09,2024-07-09 08:09:47,15000.0,3,online_shopping,android,False,12.4,D,rejected,2024-07-09 08:11:02,risk_policy_cutoff,,rejected
APP0000158,C000509,P01,2024-07-09 08:30:22,2024-07-09 08:31:45,69000.0,12,home_renovation,android,False,1.6,A,approved,2024-07-09 08:34:22,,69000.0,disbursed
APP0000159,C000506,P01,2024-07-09 10:42:56,2024-07-09 10:47:52,37000.0,6,education,android,False,9.08,C,approved,2024-07-09 10:50:37,,28000.0,disbursed
APP0000160,C000566,P06,2024-07-09 13:37:07,2024-07-09 14:48:40,86000.0,24,personal,android,False,8.0,C,rejected,2024-07-11 19:33:22,risk_policy_cutoff,,rejected
APP0000161,C000424,P01,2024-07-09 13:41:22,2024-07-09 13:45:44,200000.0,18,medical,ios,False,4.65,B,approved,2024-07-09 13:48:45,,200000.0,disbursed
APP0000162,C000617,P04,2024-07-09 15:14:55,2024-07-09 15:18:29,19000.0,9,mobile_phone,web,False,0.78,A,approved,2024-07-09 15:19:45,,19000.0,disbursed
APP0000163,C000482,P01,2024-07-09 15:28:07,2024-07-09 16:00:14,58000.0,3,medical,android,False,20.87,E,rejected,2024-07-09 16:02:40,thin_credit_file,,rejected
APP0000164,C000324,P01,2024-07-09 16:05:54,2024-07-09 16:07:09,97000.0,24,medical,ios,False,1.99,A,approved,2024-07-09 16:09:46,,97000.0,disbursed
APP0000165,C000378,P02,2024-07-09 17:42:58,2024-07-09 17:54:11,13000.0,2,salary_advance,android,False,0.86,A,approved,2024-07-09 17:55:00,,13000.0,disbursed
APP0000166,C000650,P03,2024-07-09 18:24:15,2024-07-09 18:36:22,5300.0,6,online_shopping,android,False,16.33,E,rejected,2024-07-09 18:37:59,thin_credit_file,,rejected
APP0000167,C000497,P05,2024-07-09 18:42:48,2024-07-09 18:58:59,191000.0,12,inventory,android,False,42.58,E,rejected,2024-07-10 08:11:29,low_bureau_score,,rejected
APP0000168,C000232,P01,2024-07-09 19:49:57,2024-07-09 20:01:11,172000.0,6,debt_consolidation,android,False,29.26,E,rejected,2024-07-09 20:03:32,thin_credit_file,,rejected
APP0000169,C000681,P03,2024-07-09 20:01:35,2024-07-09 20:07:36,7500.0,1,online_shopping,web,False,5.8,B,approved,2024-07-09 20:08:16,,7500.0,disbursed
APP0000170,C000609,P02,2024-07-09 20:13:49,2024-07-09 20:31:35,32000.0,3,salary_advance,android,False,0.95,A,approved,2024-07-09 20:32:05,,32000.0,disbursed
APP0000171,C000680,P06,2024-07-09 20:25:37,2024-07-09 21:40:23,114000.0,6,business,android,False,10.49,D,rejected,2024-07-10 00:58:47,insufficient_income,,rejected
APP0000172,C000647,P03,2024-07-09 20:35:07,2024-07-09 21:13:43,2700.0,1,online_shopping,ios,False,6.22,C,approved,2024-07-09 21:14:27,,2700.0,disbursed
APP0000173,C000160,P01,2024-07-09 20:38:08,,91000.0,9,debt_consolidation,ios,False,,,,,,,abandoned
APP0000174,C000404,P01,2024-07-09 20:42:55,,28000.0,6,education,android,False,,,,,,,abandoned
APP0000175,C000669,P01,2024-07-09 21:05:28,2024-07-09 21:07:36,37000.0,12,home_renovation,android,False,5.56,B,approved,2024-07-09 21:09:19,,31000.0,disbursed
APP0000176,C000559,P01,2024-07-09 21:33:58,2024-07-09 21:50:01,95000.0,18,home_renovation,android,False,5.14,B,approved,2024-07-09 21:51:31,,61000.0,disbursed
APP0000177,C000631,P01,2024-07-09 22:22:24,2024-07-09 22:27:05,29000.0,12,home_renovation,android,False,2.37,A,approved,2024-07-09 22:32:55,,29000.0,disbursed
APP0000178,C000668,P06,2024-07-09 23:43:19,2024-07-10 00:35:29,147000.0,12,personal,android,False,13.25,D,rejected,2024-07-10 09:18:31,thin_credit_file,,rejected
APP0000179,C000645,P01,2024-07-10 00:11:30,2024-07-10 00:20:36,26000.0,6,education,ios,False,11.77,D,rejected,2024-07-10 00:24:09,thin_credit_file,,rejected
APP0000180,C000677,P04,2024-07-10 02:49:49,2024-07-10 02:54:26,61000.0,9,home_appliances,android,False,16.0,E,rejected,2024-07-10 03:02:15,thin_credit_file,,rejected
APP0000181,C000694,P01,2024-07-10 03:52:04,2024-07-10 03:52:58,145000.0,12,other,android,False,15.06,D,rejected,2024-07-10 03:54:03,thin_credit_file,,rejected
APP0000182,C000614,P03,2024-07-10 04:18:45,,5800.0,1,online_shopping,android,False,,,,,,,abandoned
APP0000183,C000541,P01,2024-07-10 04:46:27,2024-07-10 04:57:02,41000.0,9,wedding,android,False,2.98,A,approved,2024-07-10 05:00:07,,41000.0,disbursed
APP0000184,C000397,P04,2024-07-10 05:11:50,2024-07-10 05:26:12,37000.0,18,electronics,ios,False,8.54,C,rejected,2024-07-10 05:29:27,risk_policy_cutoff,,rejected
APP0000185,C000156,P02,2024-07-10 06:41:14,2024-07-10 06:45:07,33000.0,1,salary_advance,ios,False,3.2,B,rejected,2024-07-10 06:49:10,high_existing_obligations,,rejected
APP0000186,C000644,P06,2024-07-10 08:07:42,2024-07-10 08:35:37,81000.0,18,business,android,False,1.75,A,approved,2024-07-11 20:43:20,,81000.0,disbursed
APP0000187,C000417,P02,2024-07-10 10:36:16,,14000.0,1,salary_advance,android,False,,,,,,,abandoned
APP0000188,C000642,P01,2024-07-10 12:57:06,2024-07-10 13:01:33,75000.0,18,other,android,False,13.81,D,rejected,2024-07-10 13:03:04,thin_credit_file,,rejected
APP0000189,C000606,P02,2024-07-10 13:12:33,,18000.0,1,salary_advance,android,False,,,,,,,abandoned
APP0000190,C000292,P01,2024-07-10 13:22:56,2024-07-10 13:26:57,200000.0,6,medical,android,False,8.76,C,rejected,2024-07-10 13:29:18,insufficient_income,,rejected
APP0000191,C000724,P01,2024-07-10 13:52:08,2024-07-10 14:04:01,189000.0,9,debt_consolidation,ios,False,17.59,E,rejected,2024-07-10 14:05:04,thin_credit_file,,rejected
APP0000192,C000528,P03,2024-07-10 14:51:36,2024-07-10 14:55:47,4100.0,1,online_shopping,android,False,12.13,D,approved,2024-07-10 14:57:38,,3000.0,offer_expired
APP0000193,C000732,P01,2024-07-10 15:21:23,,104000.0,18,travel,android,False,,,,,,,abandoned
APP0000194,C000709,P03,2024-07-10 16:19:48,2024-07-10 16:35:24,2400.0,3,online_shopping,android,False,2.05,A,approved,2024-07-10 16:36:45,,2400.0,disbursed
APP0000195,C000719,P03,2024-07-10 16:20:05,2024-07-10 16:48:47,10000.0,1,online_shopping,android,False,2.73,A,approved,2024-07-10 16:49:54,,10000.0,disbursed
APP0000196,C000587,P03,2024-07-10 16:58:20,2024-07-10 17:03:17,5700.0,1,online_shopping,android,False,2.02,A,approved,2024-07-10 17:13:33,,5700.0,disbursed
APP0000197,C000564,P03,2024-07-10 18:11:23,2024-07-10 18:20:29,3800.0,3,online_shopping,ios,False,2.77,A,approved,2024-07-10 18:23:10,,3800.0,disbursed
APP0000198,C000746,P03,2024-07-10 18:24:31,2024-07-10 19:01:25,5800.0,3,online_shopping,ios,False,2.71,A,approved,2024-07-10 19:13:24,,5800.0,offer_expired
APP0000199,C000734,P03,2024-07-10 18:44:59,2024-07-10 18:47:35,9200.0,1,online_shopping,android,False,1.14,A,approved,2024-07-10 18:53:00,,9200.0,disbursed
APP0000200,C000381,P03,2024-07-10 19:03:40,2024-07-10 19:56:02,5200.0,3,online_shopping,web,False,8.53,C,rejected,2024-07-10 19:58:02,thin_credit_file,,rejected
