assignment_id,experiment_id,customer_id,variant,assigned_ts,platform
AS0000001,EXP-PRC-2025-06,C029818,control,2025-06-02 00:33:32,ios
AS0000002,EXP-PRC-2025-06,C029839,control,2025-06-02 00:56:56,android
AS0000003,EXP-PRC-2025-06,C002106,control,2025-06-02 01:56:11,android
AS0000004,EXP-PRC-2025-06,C018795,control,2025-06-02 02:35:27,android
AS0000005,EXP-PRC-2025-06,C029845,treatment,2025-06-02 06:33:58,android
AS0000006,EXP-PRC-2025-06,C020828,control,2025-06-02 07:11:58,android
AS0000007,EXP-PRC-2025-06,C029865,treatment,2025-06-02 07:35:45,android
AS0000008,EXP-PRC-2025-06,C029832,control,2025-06-02 08:14:33,android
AS0000009,EXP-PRC-2025-06,C019679,control,2025-06-02 08:52:11,ios
AS0000010,EXP-PRC-2025-06,C017674,control,2025-06-02 10:44:40,android
AS0000011,EXP-PRC-2025-06,C025885,control,2025-06-02 12:17:59,android
AS0000012,EXP-PRC-2025-06,C029871,treatment,2025-06-02 12:20:54,ios
AS0000013,EXP-PRC-2025-06,C020259,control,2025-06-02 12:24:12,android
AS0000014,EXP-PRC-2025-06,C029506,control,2025-06-02 14:23:40,android
AS0000015,EXP-PRC-2025-06,C002001,treatment,2025-06-02 15:09:18,android
AS0000016,EXP-PRC-2025-06,C016315,control,2025-06-02 16:03:32,android
AS0000017,EXP-PRC-2025-06,C010346,treatment,2025-06-02 16:33:44,ios
AS0000018,EXP-PRC-2025-06,C029888,treatment,2025-06-02 16:43:45,android
AS0000019,EXP-PRC-2025-06,C029846,control,2025-06-02 16:44:12,android
AS0000020,EXP-PRC-2025-06,C024421,treatment,2025-06-02 16:46:05,ios
AS0000021,EXP-PRC-2025-06,C018605,treatment,2025-06-02 17:52:00,android
AS0000022,EXP-PRC-2025-06,C024046,control,2025-06-02 19:27:06,ios
AS0000023,EXP-PRC-2025-06,C027845,treatment,2025-06-02 20:16:15,android
AS0000024,EXP-PRC-2025-06,C029053,control,2025-06-02 20:45:17,android
AS0000025,EXP-PRC-2025-06,C029729,control,2025-06-02 22:01:34,ios
AS0000026,EXP-PRC-2025-06,C029902,treatment,2025-06-02 22:15:08,ios
AS0000027,EXP-PRC-2025-06,C013603,treatment,2025-06-02 23:31:34,ios
AS0000028,EXP-PRC-2025-06,C029946,control,2025-06-02 23:53:33,android
AS0000029,EXP-PRC-2025-06,C027679,control,2025-06-03 03:46:31,android
AS0000030,EXP-PRC-2025-06,C025707,treatment,2025-06-03 04:08:19,android
AS0000031,EXP-PRC-2025-06,C029985,control,2025-06-03 04:12:51,android
AS0000032,EXP-PRC-2025-06,C029611,control,2025-06-03 04:30:12,android
AS0000033,EXP-PRC-2025-06,C029844,control,2025-06-03 05:07:40,ios
AS0000034,EXP-PRC-2025-06,C029825,control,2025-06-03 06:07:22,android
AS0000035,EXP-PRC-2025-06,C025490,control,2025-06-03 07:38:30,android
AS0000036,EXP-PRC-2025-06,C029821,control,2025-06-03 07:48:09,ios
AS0000037,EXP-PRC-2025-06,C011879,control,2025-06-03 07:51:10,ios
AS0000038,EXP-PRC-2025-06,C029892,treatment,2025-06-03 09:14:34,android
AS0000039,EXP-PRC-2025-06,C029824,control,2025-06-03 10:18:59,ios
AS0000040,EXP-PRC-2025-06,C029613,treatment,2025-06-03 10:19:27,android
AS0000041,EXP-PRC-2025-06,C007083,treatment,2025-06-03 10:59:49,android
AS0000042,EXP-PRC-2025-06,C030024,treatment,2025-06-03 13:57:46,android
AS0000043,EXP-PRC-2025-06,C025144,control,2025-06-03 14:40:38,android
AS0000044,EXP-PRC-2025-06,C029477,treatment,2025-06-03 15:05:16,web
AS0000045,EXP-PRC-2025-06,C023708,control,2025-06-03 15:07:21,ios
AS0000046,EXP-PRC-2025-06,C030034,treatment,2025-06-03 15:46:05,android
AS0000047,EXP-PRC-2025-06,C025086,treatment,2025-06-03 17:00:11,android
AS0000048,EXP-PRC-2025-06,C029782,control,2025-06-03 17:07:42,android
AS0000049,EXP-PRC-2025-06,C022884,control,2025-06-03 18:06:17,android
AS0000050,EXP-PRC-2025-06,C029495,treatment,2025-06-03 20:36:38,android
AS0000051,EXP-PRC-2025-06,C029779,control,2025-06-03 21:21:14,android
AS0000052,EXP-PRC-2025-06,C024426,control,2025-06-04 00:30:01,web
AS0000053,EXP-PRC-2025-06,C019857,control,2025-06-04 00:30:49,ios
AS0000054,EXP-PRC-2025-06,C018360,treatment,2025-06-04 00:40:21,ios
AS0000055,EXP-PRC-2025-06,C013369,control,2025-06-04 00:55:31,android
AS0000056,EXP-PRC-2025-06,C029971,control,2025-06-04 02:44:06,android
AS0000057,EXP-PRC-2025-06,C029640,control,2025-06-04 02:56:15,android
AS0000058,EXP-PRC-2025-06,C011402,treatment,2025-06-04 03:32:27,android
AS0000059,EXP-PRC-2025-06,C028781,control,2025-06-04 04:05:54,android
AS0000060,EXP-PRC-2025-06,C017405,treatment,2025-06-04 04:46:01,android
AS0000061,EXP-PRC-2025-06,C030012,treatment,2025-06-04 07:33:45,android
AS0000062,EXP-PRC-2025-06,C030093,control,2025-06-04 07:35:46,android
AS0000063,EXP-PRC-2025-06,C029791,control,2025-06-04 08:47:45,ios
AS0000064,EXP-PRC-2025-06,C008184,treatment,2025-06-04 09:01:48,ios
AS0000065,EXP-PRC-2025-06,C017431,control,2025-06-04 09:55:56,android
AS0000066,EXP-PRC-2025-06,C003644,control,2025-06-04 10:11:25,web
AS0000067,EXP-PRC-2025-06,C030075,treatment,2025-06-04 10:41:21,android
AS0000068,EXP-PRC-2025-06,C030042,treatment,2025-06-04 11:04:11,android
AS0000069,EXP-PRC-2025-06,C029930,control,2025-06-04 11:34:34,android
AS0000070,EXP-PRC-2025-06,C029795,treatment,2025-06-04 11:39:43,android
AS0000071,EXP-PRC-2025-06,C030118,treatment,2025-06-04 12:12:34,ios
AS0000072,EXP-PRC-2025-06,C030119,control,2025-06-04 12:23:07,android
AS0000073,EXP-PRC-2025-06,C018678,control,2025-06-04 13:27:05,android
AS0000074,EXP-PRC-2025-06,C030136,control,2025-06-04 14:20:46,android
AS0000075,EXP-PRC-2025-06,C030149,treatment,2025-06-04 15:06:12,android
AS0000076,EXP-PRC-2025-06,C024978,treatment,2025-06-04 15:39:58,android
AS0000077,EXP-PRC-2025-06,C029148,control,2025-06-04 17:47:16,ios
AS0000078,EXP-PRC-2025-06,C003905,treatment,2025-06-04 17:49:34,android
AS0000079,EXP-PRC-2025-06,C030170,control,2025-06-04 18:43:20,android
AS0000080,EXP-PRC-2025-06,C029969,control,2025-06-04 19:27:57,android
AS0000081,EXP-PRC-2025-06,C030155,control,2025-06-04 19:40:05,android
AS0000082,EXP-PRC-2025-06,C030146,treatment,2025-06-04 20:32:52,android
AS0000083,EXP-PRC-2025-06,C020904,treatment,2025-06-04 22:03:38,android
AS0000084,EXP-PRC-2025-06,C011388,control,2025-06-04 22:07:57,android
AS0000085,EXP-PRC-2025-06,C029898,control,2025-06-04 23:13:05,android
AS0000086,EXP-PRC-2025-06,C022394,treatment,2025-06-04 23:42:30,ios
AS0000087,EXP-PRC-2025-06,C000719,control,2025-06-05 00:34:52,android
AS0000088,EXP-PRC-2025-06,C030191,treatment,2025-06-05 01:00:31,android
AS0000089,EXP-PRC-2025-06,C017390,treatment,2025-06-05 01:27:57,android
AS0000090,EXP-PRC-2025-06,C030122,control,2025-06-05 01:53:18,android
AS0000091,EXP-PRC-2025-06,C030190,treatment,2025-06-05 02:44:52,web
AS0000092,EXP-PRC-2025-06,C001691,treatment,2025-06-05 04:01:14,android
AS0000093,EXP-PRC-2025-06,C026733,control,2025-06-05 04:24:45,ios
AS0000094,EXP-PRC-2025-06,C022599,control,2025-06-05 04:58:51,android
AS0000095,EXP-PRC-2025-06,C012630,treatment,2025-06-05 07:38:19,android
AS0000096,EXP-PRC-2025-06,C030133,treatment,2025-06-05 08:31:04,android
AS0000097,EXP-PRC-2025-06,C030168,control,2025-06-05 10:04:29,android
AS0000098,EXP-PRC-2025-06,C029914,control,2025-06-05 12:07:36,android
AS0000099,EXP-PRC-2025-06,C022858,treatment,2025-06-05 12:45:51,ios
AS0000100,EXP-PRC-2025-06,C030163,control,2025-06-05 13:16:01,ios
AS0000101,EXP-PRC-2025-06,C030214,control,2025-06-05 13:47:23,android
AS0000102,EXP-PRC-2025-06,C028820,control,2025-06-05 14:24:51,ios
AS0000103,EXP-PRC-2025-06,C029995,control,2025-06-05 14:47:31,android
AS0000104,EXP-PRC-2025-06,C030193,treatment,2025-06-05 15:25:13,android
AS0000105,EXP-PRC-2025-06,C029657,treatment,2025-06-05 15:52:18,android
AS0000106,EXP-PRC-2025-06,C024868,treatment,2025-06-05 15:59:53,android
AS0000107,EXP-PRC-2025-06,C029039,control,2025-06-05 17:09:00,android
AS0000108,EXP-PRC-2025-06,C029658,control,2025-06-05 17:10:00,android
AS0000109,EXP-PRC-2025-06,C030262,control,2025-06-05 18:06:54,android
AS0000110,EXP-PRC-2025-06,C021612,control,2025-06-05 18:13:40,android
AS0000111,EXP-PRC-2025-06,C030200,treatment,2025-06-05 18:28:41,android
AS0000112,EXP-PRC-2025-06,C030067,control,2025-06-05 19:53:30,android
AS0000113,EXP-PRC-2025-06,C029802,control,2025-06-05 20:22:31,android
AS0000114,EXP-PRC-2025-06,C030273,treatment,2025-06-05 20:45:21,android
AS0000115,EXP-PRC-2025-06,C017233,treatment,2025-06-05 20:58:48,android
AS0000116,EXP-PRC-2025-06,C029692,treatment,2025-06-05 21:05:49,android
AS0000117,EXP-PRC-2025-06,C030187,treatment,2025-06-05 21:38:45,android
AS0000118,EXP-PRC-2025-06,C030283,control,2025-06-05 21:39:23,ios
AS0000119,EXP-PRC-2025-06,C027231,treatment,2025-06-05 22:47:17,android
AS0000120,EXP-PRC-2025-06,C030256,treatment,2025-06-05 23:38:17,android
AS0000121,EXP-PRC-2025-06,C012314,treatment,2025-06-06 00:02:34,android
AS0000122,EXP-PRC-2025-06,C030091,control,2025-06-06 00:14:46,android
AS0000123,EXP-PRC-2025-06,C030268,control,2025-06-06 01:13:51,android
AS0000124,EXP-PRC-2025-06,C030309,treatment,2025-06-06 01:29:03,android
AS0000125,EXP-PRC-2025-06,C014442,control,2025-06-06 02:22:46,ios
AS0000126,EXP-PRC-2025-06,C028323,control,2025-06-06 03:27:27,android
AS0000127,EXP-PRC-2025-06,C030089,control,2025-06-06 03:48:41,ios
AS0000128,EXP-PRC-2025-06,C026134,control,2025-06-06 04:07:45,ios
AS0000129,EXP-PRC-2025-06,C030263,treatment,2025-06-06 04:56:09,ios
AS0000130,EXP-PRC-2025-06,C029535,control,2025-06-06 05:10:26,android
AS0000131,EXP-PRC-2025-06,C030220,control,2025-06-06 05:43:14,android
AS0000132,EXP-PRC-2025-06,C029820,control,2025-06-06 07:51:43,android
AS0000133,EXP-PRC-2025-06,C027287,treatment,2025-06-06 10:34:33,android
AS0000134,EXP-PRC-2025-06,C005889,treatment,2025-06-06 11:29:47,ios
AS0000135,EXP-PRC-2025-06,C017511,control,2025-06-06 11:33:43,android
AS0000136,EXP-PRC-2025-06,C030285,treatment,2025-06-06 11:47:54,android
AS0000137,EXP-PRC-2025-06,C030218,control,2025-06-06 12:01:53,android
AS0000138,EXP-PRC-2025-06,C021184,control,2025-06-06 12:03:18,ios
AS0000139,EXP-PRC-2025-06,C030044,treatment,2025-06-06 13:11:36,ios
AS0000140,EXP-PRC-2025-06,C027982,treatment,2025-06-06 13:35:21,android
AS0000141,EXP-PRC-2025-06,C012603,treatment,2025-06-06 13:50:16,android
AS0000142,EXP-PRC-2025-06,C012847,treatment,2025-06-06 15:52:19,android
AS0000143,EXP-PRC-2025-06,C017494,treatment,2025-06-06 17:33:25,android
AS0000144,EXP-PRC-2025-06,C030165,control,2025-06-06 17:38:43,android
AS0000145,EXP-PRC-2025-06,C030372,control,2025-06-06 17:51:07,android
AS0000146,EXP-PRC-2025-06,C030038,control,2025-06-06 19:00:11,web
AS0000147,EXP-PRC-2025-06,C011857,treatment,2025-06-06 21:50:56,android
AS0000148,EXP-PRC-2025-06,C030365,treatment,2025-06-06 23:25:23,android
AS0000149,EXP-PRC-2025-06,C025032,control,2025-06-06 23:55:28,android
AS0000150,EXP-PRC-2025-06,C027642,treatment,2025-06-07 00:27:36,android
AS0000151,EXP-PRC-2025-06,C030409,control,2025-06-07 00:59:51,android
AS0000152,EXP-PRC-2025-06,C029973,treatment,2025-06-07 03:11:34,android
AS0000153,EXP-PRC-2025-06,C029903,treatment,2025-06-07 05:11:02,android
AS0000154,EXP-PRC-2025-06,C030407,treatment,2025-06-07 05:37:18,android
AS0000155,EXP-PRC-2025-06,C025763,treatment,2025-06-07 06:15:31,ios
AS0000156,EXP-PRC-2025-06,C007318,treatment,2025-06-07 07:02:46,android
AS0000157,EXP-PRC-2025-06,C030341,treatment,2025-06-07 08:25:26,ios
AS0000158,EXP-PRC-2025-06,C009148,control,2025-06-07 09:22:08,android
AS0000159,EXP-PRC-2025-06,C022585,treatment,2025-06-07 10:32:44,ios
AS0000160,EXP-PRC-2025-06,C030420,control,2025-06-07 11:16:40,ios
AS0000161,EXP-PRC-2025-06,C022609,control,2025-06-07 13:44:39,android
AS0000162,EXP-PRC-2025-06,C023193,control,2025-06-07 17:14:10,ios
AS0000163,EXP-PRC-2025-06,C030445,treatment,2025-06-07 17:36:34,android
AS0000164,EXP-PRC-2025-06,C022056,treatment,2025-06-07 17:54:48,ios
AS0000165,EXP-PRC-2025-06,C030408,control,2025-06-07 18:05:27,android
AS0000166,EXP-PRC-2025-06,C030145,control,2025-06-07 18:05:47,ios
AS0000167,EXP-PRC-2025-06,C030487,control,2025-06-07 19:42:09,android
AS0000168,EXP-PRC-2025-06,C030468,treatment,2025-06-07 21:29:53,android
AS0000169,EXP-PRC-2025-06,C020203,control,2025-06-07 22:39:29,android
AS0000170,EXP-PRC-2025-06,C030512,treatment,2025-06-07 22:50:38,android
AS0000171,EXP-PRC-2025-06,C029081,treatment,2025-06-07 23:13:48,android
AS0000172,EXP-PRC-2025-06,C030498,treatment,2025-06-07 23:17:01,android
AS0000173,EXP-PRC-2025-06,C012769,control,2025-06-07 23:53:14,android
AS0000174,EXP-PRC-2025-06,C030328,control,2025-06-07 23:53:47,android
AS0000175,EXP-PRC-2025-06,C027626,control,2025-06-08 00:29:41,ios
AS0000176,EXP-PRC-2025-06,C030477,control,2025-06-08 01:01:14,android
AS0000177,EXP-PRC-2025-06,C030424,treatment,2025-06-08 02:17:30,ios
AS0000178,EXP-PRC-2025-06,C030380,control,2025-06-08 03:35:24,android
AS0000179,EXP-PRC-2025-06,C030414,treatment,2025-06-08 04:00:18,android
AS0000180,EXP-PRC-2025-06,C025189,control,2025-06-08 04:17:25,ios
AS0000181,EXP-PRC-2025-06,C024963,treatment,2025-06-08 04:22:40,ios
AS0000182,EXP-PRC-2025-06,C030435,treatment,2025-06-08 05:49:38,android
AS0000183,EXP-PRC-2025-06,C030491,control,2025-06-08 06:30:29,android
AS0000184,EXP-PRC-2025-06,C030278,treatment,2025-06-08 08:33:11,ios
AS0000185,EXP-PRC-2025-06,C030500,control,2025-06-08 09:32:31,android
AS0000186,EXP-PRC-2025-06,C030463,treatment,2025-06-08 11:11:25,android
AS0000187,EXP-PRC-2025-06,C028329,control,2025-06-08 15:40:23,android
AS0000188,EXP-PRC-2025-06,C030458,treatment,2025-06-08 16:32:28,android
AS0000189,EXP-PRC-2025-06,C030570,control,2025-06-08 17:06:56,android
AS0000190,EXP-PRC-2025-06,C030289,control,2025-06-08 17:58:04,android
AS0000191,EXP-PRC-2025-06,C030587,control,2025-06-08 18:58:07,android
AS0000192,EXP-PRC-2025-06,C030557,treatment,2025-06-08 19:45:24,android
AS0000193,EXP-PRC-2025-06,C015148,control,2025-06-08 20:09:03,android
AS0000194,EXP-PRC-2025-06,C030455,treatment,2025-06-08 21:02:02,android
AS0000195,EXP-PRC-2025-06,C022966,control,2025-06-08 22:17:40,android
AS0000196,EXP-PRC-2025-06,C030615,control,2025-06-09 01:16:04,android
AS0000197,EXP-PRC-2025-06,C030626,control,2025-06-09 01:40:30,web
AS0000198,EXP-PRC-2025-06,C028970,treatment,2025-06-09 02:09:23,android
AS0000199,EXP-PRC-2025-06,C014540,treatment,2025-06-09 02:21:00,ios
AS0000200,EXP-PRC-2025-06,C025595,treatment,2025-06-09 03:14:53,android
