loan_id,application_id,customer_id,product_id,disbursed_ts,principal_amount,processing_fee,net_disbursed_amount,interest_rate_apr,tenure_months,emi_amount,risk_band,autopay_enabled,loan_sequence_number,is_repeat_loan,maturity_date,loan_status,current_dpd,max_dpd,outstanding_principal,closed_date,closure_type
LN0000001,APP0000003,C000053,P02,2024-07-01 20:01:09,47000.0,940.0,46060.0,27.0,2,24296.07,A,True,1,False,2024-09-01,closed,0,15,0.0,2024-09-16,repaid
LN0000002,APP0000008,C000025,P02,2024-07-02 01:18:54,19000.0,380.0,18620.0,27.0,1,19427.5,A,False,1,False,2024-08-02,closed,0,0,0.0,2024-07-31,repaid
LN0000003,APP0000006,C000033,P02,2024-07-02 02:43:46,11000.0,220.0,10780.0,27.0,1,11247.5,A,False,1,False,2024-08-02,closed,0,0,0.0,2024-08-02,repaid
LN0000004,APP0000014,C000068,P04,2024-07-02 16:49:00,42000.0,840.0,41160.0,17.25,9,5008.46,A,False,1,False,2025-04-02,closed,0,5,0.0,2025-04-04,repaid
LN0000005,APP0000016,C000087,P01,2024-07-02 20:20:04,31000.0,775.0,30225.0,22.75,3,10727.59,B,False,1,False,2024-10-02,closed,0,0,0.0,2024-09-28,repaid
LN0000006,APP0000018,C000029,P02,2024-07-02 23:33:18,50000.0,1000.0,49000.0,28.5,2,25894.11,A,True,1,False,2024-09-02,closed,0,0,0.0,2024-09-02,repaid
LN0000007,APP0000022,C000101,P02,2024-07-03 10:23:33,7100.0,142.0,6958.0,27.75,1,7264.19,A,False,1,False,2024-08-03,closed,0,1,0.0,2024-08-04,repaid
LN0000008,APP0000026,C000155,P01,2024-07-03 11:17:04,197000.0,4925.0,192075.0,21.5,12,18390.72,A,True,1,False,2025-07-03,closed,0,1,0.0,2025-07-04,repaid
LN0000009,APP0000025,C000143,P03,2024-07-03 13:11:42,3900.0,39.0,3861.0,15.0,1,3948.75,B,False,1,False,2024-08-03,closed,0,0,0.0,2024-07-31,repaid
LN0000010,APP0000035,C000162,P01,2024-07-03 22:12:49,69000.0,1725.0,67275.0,20.75,9,8344.66,A,True,1,False,2025-04-03,closed,0,3,0.0,2025-04-03,repaid
LN0000011,APP0000038,C000189,P02,2024-07-04 00:09:52,14000.0,280.0,13720.0,26.75,2,7234.92,A,True,1,False,2024-09-04,closed,0,0,0.0,2024-09-04,repaid
LN0000012,APP0000036,C000127,P01,2024-07-04 06:18:51,72000.0,1800.0,70200.0,22.0,6,12781.65,B,True,1,False,2025-01-04,closed,0,4,0.0,2025-01-04,repaid
LN0000013,APP0000001,C000008,P05,2024-07-04 07:11:12,120000.0,3600.0,116400.0,25.75,18,8107.25,C,False,1,False,2026-01-04,closed,0,0,0.0,2025-12-31,repaid
LN0000014,APP0000043,C000216,P02,2024-07-04 10:52:42,8000.0,160.0,7840.0,27.5,2,4138.02,A,True,1,False,2024-09-04,closed,0,0,0.0,2024-09-04,repaid
LN0000015,APP0000010,C000061,P05,2024-07-04 11:05:56,51000.0,1530.0,49470.0,27.75,12,4915.57,D,False,1,False,2025-07-04,closed,0,7,0.0,2025-06-30,repaid
LN0000016,APP0000040,C000174,P03,2024-07-04 11:20:59,19000.0,190.0,18810.0,13.0,1,19205.83,A,True,1,False,2024-08-04,closed,0,0,0.0,2024-08-04,repaid
LN0000017,APP0000044,C000244,P03,2024-07-04 15:03:50,9700.0,97.0,9603.0,12.5,1,9801.04,A,False,1,False,2024-08-04,closed,0,0,0.0,2024-08-01,repaid
LN0000018,APP0000045,C000198,P03,2024-07-04 15:49:49,5600.0,56.0,5544.0,12.5,1,5658.33,A,False,1,False,2024-08-04,closed,0,0,0.0,2024-08-04,repaid
LN0000019,APP0000042,C000217,P02,2024-07-04 15:51:22,12000.0,240.0,11760.0,27.5,2,6207.03,A,True,1,False,2024-09-04,closed,0,0,0.0,2024-09-04,repaid
LN0000020,APP0000055,C000302,P03,2024-07-05 04:57:57,5800.0,58.0,5742.0,13.25,3,1976.18,A,False,1,False,2024-10-05,closed,0,1,0.0,2024-10-05,repaid
LN0000021,APP0000054,C000203,P02,2024-07-05 07:57:10,8000.0,160.0,7840.0,26.75,3,2786.43,A,False,1,False,2024-10-05,closed,0,0,0.0,2024-10-01,repaid
LN0000022,APP0000056,C000270,P01,2024-07-05 08:41:38,200000.0,5000.0,195000.0,20.5,6,35354.52,A,False,1,False,2025-01-05,closed,0,6,0.0,2025-01-05,repaid
LN0000023,APP0000058,C000215,P04,2024-07-05 13:23:31,41000.0,820.0,40180.0,17.5,6,7186.33,A,True,1,False,2025-01-05,closed,0,2,0.0,2025-01-05,repaid
LN0000024,APP0000061,C000289,P04,2024-07-05 17:15:55,91000.0,1820.0,89180.0,20.5,9,10994.27,C,False,1,False,2025-04-05,written_off,633,633,67471.94,,
LN0000025,APP0000070,C000363,P03,2024-07-05 22:21:50,2000.0,20.0,1980.0,15.25,6,348.32,C,True,1,False,2025-01-05,closed,0,7,0.0,2025-01-05,repaid
LN0000026,APP0000066,C000210,P04,2024-07-06 00:25:05,39000.0,780.0,38220.0,18.75,18,2502.39,B,False,1,False,2026-01-06,closed,0,0,0.0,2026-01-03,repaid
LN0000027,APP0000073,C000375,P03,2024-07-06 05:02:26,3200.0,32.0,3168.0,13.0,6,553.74,A,True,1,False,2025-01-06,closed,0,4,0.0,2025-01-06,repaid
LN0000028,APP0000075,C000256,P03,2024-07-06 10:22:51,4500.0,45.0,4455.0,15.0,1,4556.25,B,True,1,False,2024-08-06,closed,0,0,0.0,2024-08-06,repaid
LN0000029,APP0000078,C000161,P02,2024-07-06 10:43:18,50000.0,1000.0,49000.0,27.75,3,17443.37,A,False,1,False,2024-10-06,closed,0,3,0.0,2024-10-03,repaid
LN0000030,APP0000079,C000398,P03,2024-07-06 11:11:17,2600.0,26.0,2574.0,16.25,3,890.24,C,True,1,False,2024-10-06,closed,0,0,0.0,2024-10-06,repaid
LN0000031,APP0000080,C000337,P01,2024-07-06 11:49:29,23000.0,575.0,22425.0,24.25,9,2820.66,C,False,1,False,2025-04-06,closed,0,0,0.0,2025-04-02,repaid
LN0000032,APP0000084,C000306,P02,2024-07-06 13:04:29,20000.0,400.0,19600.0,27.0,2,10338.75,A,False,1,False,2024-09-06,closed,0,0,0.0,2024-09-05,repaid
LN0000033,APP0000088,C000007,P03,2024-07-06 15:10:14,8400.0,84.0,8316.0,14.5,6,1459.8,B,False,1,False,2025-01-06,closed,0,1,0.0,2025-01-06,repaid
LN0000034,APP0000089,C000331,P03,2024-07-06 15:25:41,1000.0,10.0,990.0,12.75,1,1010.62,A,False,1,False,2024-08-06,closed,0,0,0.0,2024-08-04,repaid
LN0000035,APP0000091,C000321,P02,2024-07-06 16:05:30,17000.0,340.0,16660.0,26.75,1,17378.96,A,True,1,False,2024-08-06,closed,0,0,0.0,2024-08-06,repaid
LN0000036,APP0000090,C000407,P01,2024-07-06 18:39:37,48000.0,1200.0,46800.0,21.75,9,5828.24,A,False,1,False,2025-04-06,closed,0,10,0.0,2025-04-06,repaid
LN0000037,APP0000100,C000271,P03,2024-07-06 22:52:06,3200.0,32.0,3168.0,13.0,1,3234.67,A,True,1,False,2024-08-06,closed,0,0,0.0,2024-08-06,repaid
LN0000038,APP0000102,C000425,P03,2024-07-06 23:51:49,6800.0,68.0,6732.0,14.25,3,2320.71,B,True,1,False,2024-10-06,closed,0,0,0.0,2024-10-06,repaid
LN0000039,APP0000099,C000405,P01,2024-07-07 00:31:38,35000.0,875.0,34125.0,23.0,12,3292.67,B,True,1,False,2025-07-07,closed,0,0,0.0,2024-11-11,foreclosure
LN0000040,APP0000101,C000367,P03,2024-07-07 00:51:17,11000.0,110.0,10890.0,17.0,3,3771.04,C,False,1,False,2024-10-07,closed,0,0,0.0,2024-10-05,repaid
LN0000041,APP0000104,C000179,P02,2024-07-07 03:42:06,23000.0,460.0,22540.0,27.75,1,23531.87,A,True,1,False,2024-08-07,closed,0,0,0.0,2024-08-07,repaid
LN0000042,APP0000106,C000413,P02,2024-07-07 07:33:38,16000.0,320.0,15680.0,26.5,2,8265.96,A,False,1,False,2024-09-07,closed,0,1,0.0,2024-09-08,repaid
LN0000043,APP0000108,C000432,P02,2024-07-07 07:48:05,30000.0,600.0,29400.0,27.75,1,30693.75,A,True,1,False,2024-08-07,closed,0,0,0.0,2024-08-07,repaid
LN0000044,APP0000112,C000458,P03,2024-07-07 16:06:01,1600.0,16.0,1584.0,12.25,3,544.26,A,True,1,False,2024-10-07,closed,0,0,0.0,2024-10-07,repaid
LN0000045,APP0000110,C000093,P03,2024-07-07 17:03:15,4300.0,43.0,4257.0,12.75,1,4345.69,A,False,1,False,2024-08-07,closed,0,2,0.0,2024-08-09,repaid
LN0000046,APP0000116,C000109,P04,2024-07-07 17:26:23,28000.0,560.0,27440.0,17.25,18,1776.57,A,False,1,False,2026-01-07,closed,0,14,0.0,2025-10-06,foreclosure
LN0000047,APP0000117,C000489,P04,2024-07-07 19:19:51,42000.0,840.0,41160.0,20.25,18,2725.1,C,True,1,False,2026-01-07,closed,0,33,0.0,2026-01-16,repaid
LN0000048,APP0000120,C000172,P02,2024-07-07 20:45:24,25000.0,500.0,24500.0,27.25,1,25567.71,A,True,1,False,2024-08-07,closed,0,0,0.0,2024-08-07,repaid
LN0000049,APP0000123,C000500,P01,2024-07-07 22:58:42,27000.0,675.0,26325.0,22.75,24,1410.73,B,True,1,False,2026-07-07,active,0,0,1384.51,,
LN0000050,APP0000122,C000498,P04,2024-07-08 01:10:17,18000.0,360.0,17640.0,17.75,12,1648.1,B,False,1,False,2025-07-08,closed,0,10,0.0,2025-07-07,repaid
LN0000051,APP0000126,C000422,P01,2024-07-08 02:51:24,119000.0,2975.0,116025.0,21.0,6,21065.68,A,False,1,False,2025-01-08,closed,0,0,0.0,2025-01-04,repaid
LN0000052,APP0000114,C000314,P01,2024-07-08 03:58:43,47000.0,1175.0,45825.0,22.75,6,8361.24,B,False,1,False,2025-01-08,closed,0,4,0.0,2025-01-04,repaid
LN0000053,APP0000128,C000456,P02,2024-07-08 04:13:10,17000.0,340.0,16660.0,27.25,1,17386.04,A,False,1,False,2024-08-08,closed,0,0,0.0,2024-08-05,repaid
LN0000054,APP0000135,C000468,P03,2024-07-08 10:56:56,8400.0,84.0,8316.0,12.75,3,2859.71,A,False,1,False,2024-10-08,closed,0,0,0.0,2024-10-06,repaid
LN0000055,APP0000134,C000514,P04,2024-07-08 13:35:51,36000.0,720.0,35280.0,20.0,12,3334.84,C,True,1,False,2025-07-08,closed,0,1,0.0,2025-07-08,repaid
LN0000056,APP0000136,C000536,P01,2024-07-08 14:30:23,26000.0,650.0,25350.0,22.25,18,1712.1,B,False,1,False,2026-01-08,closed,0,2,0.0,2026-01-04,repaid
LN0000057,APP0000124,C000005,P05,2024-07-08 17:35:25,265000.0,7950.0,257050.0,26.5,36,10747.72,C,False,1,False,2027-07-08,active,0,4,120311.01,,
LN0000058,APP0000143,C000533,P02,2024-07-08 18:28:55,13000.0,260.0,12740.0,26.75,1,13289.79,A,False,1,False,2024-08-08,closed,0,0,0.0,2024-08-08,repaid
LN0000059,APP0000140,C000480,P02,2024-07-08 18:35:55,16000.0,320.0,15680.0,26.75,2,8268.48,A,True,1,False,2024-09-08,closed,0,0,0.0,2024-09-08,repaid
LN0000060,APP0000137,C000555,P05,2024-07-08 22:57:34,67000.0,2010.0,64990.0,23.5,36,2611.04,B,False,1,False,2027-07-08,active,0,1,29712.75,,
LN0000061,APP0000145,C000494,P05,2024-07-09 07:18:11,74000.0,2220.0,71780.0,24.5,18,4954.06,B,True,1,False,2026-01-09,closed,0,2,0.0,2025-02-26,foreclosure
LN0000062,APP0000049,C000275,P06,2024-07-09 08:35:36,49000.0,1715.0,47285.0,20.0,18,3173.4,B,False,1,False,2026-01-09,closed,0,1,0.0,2025-04-11,foreclosure
LN0000063,APP0000154,C000607,P02,2024-07-09 09:08:33,16000.0,320.0,15680.0,27.5,1,16366.67,A,True,1,False,2024-08-09,closed,0,0,0.0,2024-08-09,repaid
LN0000064,APP0000159,C000506,P01,2024-07-09 11:06:37,28000.0,700.0,27300.0,24.0,6,4998.72,C,False,1,False,2025-01-09,closed,0,0,0.0,2025-01-09,repaid
LN0000065,APP0000156,C000596,P02,2024-07-09 11:16:01,17000.0,340.0,16660.0,26.5,1,17375.42,A,False,1,False,2024-08-09,closed,0,0,0.0,2024-08-07,repaid
LN0000066,APP0000164,C000324,P01,2024-07-09 17:02:00,97000.0,2425.0,94575.0,20.25,24,4948.75,A,True,1,False,2026-07-09,active,0,3,4866.58,,
LN0000067,APP0000165,C000378,P02,2024-07-09 18:54:48,13000.0,260.0,12740.0,27.0,2,6720.19,A,False,1,False,2024-09-09,closed,0,1,0.0,2024-09-10,repaid
LN0000068,APP0000162,C000617,P04,2024-07-09 20:09:12,19000.0,380.0,18620.0,17.5,9,2268.02,A,False,1,False,2025-04-09,closed,0,1,0.0,2025-04-06,repaid
LN0000069,APP0000169,C000681,P03,2024-07-09 20:40:45,7500.0,75.0,7425.0,14.75,1,7592.19,B,True,1,False,2024-08-09,closed,0,0,0.0,2024-08-09,repaid
LN0000070,APP0000161,C000424,P01,2024-07-09 20:47:57,200000.0,5000.0,195000.0,23.25,18,13267.22,B,False,1,False,2026-01-09,closed,0,1,0.0,2026-01-06,repaid
LN0000071,APP0000158,C000509,P01,2024-07-09 21:27:27,69000.0,1725.0,67275.0,20.25,12,6400.04,A,True,1,False,2025-07-09,closed,0,0,0.0,2025-03-23,foreclosure
LN0000072,APP0000175,C000669,P01,2024-07-09 21:53:58,31000.0,775.0,30225.0,23.25,12,2920.11,B,True,1,False,2025-07-09,closed,0,0,0.0,2025-07-09,repaid
LN0000073,APP0000172,C000647,P03,2024-07-09 21:55:33,2700.0,27.0,2673.0,16.0,1,2736.0,C,True,1,False,2024-08-09,closed,0,0,0.0,2024-08-09,repaid
LN0000074,APP0000177,C000631,P01,2024-07-09 23:52:12,29000.0,725.0,28275.0,20.25,12,2689.87,A,True,1,False,2025-07-09,closed,0,1,0.0,2025-07-09,repaid
LN0000075,APP0000176,C000559,P01,2024-07-10 00:47:39,61000.0,1525.0,59475.0,22.0,18,4009.45,B,False,1,False,2026-01-10,closed,0,12,0.0,2026-01-12,repaid
LN0000076,APP0000170,C000609,P02,2024-07-10 01:33:39,32000.0,640.0,31360.0,27.0,3,11150.23,A,True,1,False,2024-10-10,closed,0,3,0.0,2024-10-10,repaid
LN0000077,APP0000183,C000541,P01,2024-07-10 05:32:24,41000.0,1025.0,39975.0,21.5,9,4973.32,A,False,1,False,2025-04-10,closed,0,3,0.0,2025-04-10,repaid
LN0000078,APP0000119,C000488,P05,2024-07-10 08:54:46,139000.0,4170.0,134830.0,26.0,18,9408.01,C,False,1,False,2026-01-10,closed,0,3,0.0,2026-01-08,repaid
LN0000079,APP0000195,C000719,P03,2024-07-10 16:58:29,10000.0,100.0,9900.0,12.75,1,10106.25,A,True,1,False,2024-08-10,closed,0,0,0.0,2024-08-10,repaid
LN0000080,APP0000196,C000587,P03,2024-07-10 17:57:34,5700.0,57.0,5643.0,13.0,1,5761.75,A,True,1,False,2024-08-10,closed,0,0,0.0,2024-08-10,repaid
LN0000081,APP0000199,C000734,P03,2024-07-10 19:50:04,9200.0,92.0,9108.0,13.0,1,9299.67,A,True,1,False,2024-08-10,closed,0,0,0.0,2024-08-10,repaid
LN0000082,APP0000194,C000709,P03,2024-07-10 20:19:21,2400.0,24.0,2376.0,14.0,3,818.74,A,False,1,False,2024-10-10,closed,0,0,0.0,2024-10-09,repaid
LN0000083,APP0000197,C000564,P03,2024-07-10 20:42:20,3800.0,38.0,3762.0,13.25,3,1294.74,A,False,1,False,2024-10-10,closed,0,0,0.0,2024-10-10,repaid
LN0000084,APP0000207,C000725,P03,2024-07-11 01:42:40,8000.0,80.0,7920.0,14.0,3,2729.13,B,False,1,False,2024-10-11,closed,0,9,0.0,2024-10-08,repaid
LN0000085,APP0000214,C000580,P02,2024-07-11 07:40:58,31000.0,620.0,30380.0,27.25,1,31703.96,A,False,1,False,2024-08-11,closed,0,0,0.0,2024-08-08,repaid
LN0000086,APP0000213,C000755,P01,2024-07-11 09:27:05,39000.0,975.0,38025.0,22.75,18,2577.62,B,False,1,False,2026-01-11,closed,0,8,0.0,2026-01-09,repaid
LN0000087,APP0000212,C000026,P01,2024-07-11 10:39:11,200000.0,5000.0,195000.0,22.5,12,18767.04,B,True,1,False,2025-07-11,closed,0,0,0.0,2025-07-11,repaid
LN0000088,APP0000215,C000486,P03,2024-07-11 11:40:57,3400.0,34.0,3366.0,12.75,1,3436.12,A,True,1,False,2024-08-11,closed,0,0,0.0,2024-08-11,repaid
LN0000089,APP0000208,C000740,P02,2024-07-11 12:31:51,13000.0,260.0,12740.0,28.75,1,13311.46,B,False,1,False,2024-08-11,closed,0,0,0.0,2024-08-09,repaid
LN0000090,APP0000223,C000699,P04,2024-07-11 16:00:28,33000.0,660.0,32340.0,18.5,9,3955.07,B,True,1,False,2025-04-11,closed,0,0,0.0,2025-04-11,repaid
LN0000091,APP0000225,C000001,P03,2024-07-11 17:23:16,3400.0,34.0,3366.0,13.5,3,1158.93,A,True,1,False,2024-10-11,closed,0,0,0.0,2024-10-11,repaid
LN0000092,APP0000220,C000477,P02,2024-07-11 17:43:48,29000.0,580.0,28420.0,27.5,1,29664.58,A,False,1,False,2024-08-11,closed,0,0,0.0,2024-08-08,repaid
LN0000093,APP0000219,C000801,P03,2024-07-11 19:30:54,8300.0,83.0,8217.0,14.0,3,2831.47,B,True,1,False,2024-10-11,closed,0,0,0.0,2024-10-11,repaid
LN0000094,APP0000226,C000717,P03,2024-07-11 20:15:51,5800.0,58.0,5742.0,13.25,3,1976.18,A,False,1,False,2024-10-11,written_off,627,627,1954.61,,
LN0000095,APP0000231,C000809,P02,2024-07-12 02:29:19,19000.0,380.0,18620.0,26.5,2,9815.83,A,False,1,False,2024-09-12,closed,0,0,0.0,2024-09-12,repaid
LN0000096,APP0000232,C000479,P02,2024-07-12 02:42:52,13000.0,260.0,12740.0,28.25,3,4538.94,B,False,1,False,2024-10-12,closed,0,2,0.0,2024-10-14,repaid
LN0000097,APP0000233,C000691,P02,2024-07-12 03:41:58,31000.0,620.0,30380.0,26.75,1,31691.04,A,False,1,False,2024-08-12,closed,0,2,0.0,2024-08-14,repaid
LN0000098,APP0000237,C000795,P03,2024-07-12 08:04:29,2800.0,28.0,2772.0,13.25,3,954.02,A,False,1,False,2024-10-12,closed,0,0,0.0,2024-10-09,repaid
LN0000099,APP0000243,C000837,P01,2024-07-12 14:21:34,180000.0,4500.0,175500.0,23.5,6,32089.47,C,True,1,False,2025-01-12,closed,0,0,0.0,2025-01-12,repaid
LN0000100,APP0000242,C000835,P04,2024-07-12 15:23:29,49000.0,980.0,48020.0,17.0,12,4469.03,B,False,1,False,2025-07-12,closed,0,0,0.0,2025-07-12,repaid
LN0000101,APP0000252,C000767,P02,2024-07-12 20:33:51,14000.0,280.0,13720.0,27.5,1,14320.83,A,True,1,False,2024-08-12,closed,0,0,0.0,2024-08-12,repaid
LN0000102,APP0000247,C000888,P04,2024-07-12 22:44:10,26000.0,520.0,25480.0,18.75,6,4573.37,B,False,1,False,2025-01-12,closed,0,1,0.0,2025-01-13,repaid
LN0000103,APP0000255,C000903,P03,2024-07-13 01:02:30,1600.0,16.0,1584.0,12.25,1,1616.33,A,False,1,False,2024-08-13,closed,0,0,0.0,2024-08-09,repaid
LN0000104,APP0000254,C000710,P01,2024-07-13 02:29:05,52000.0,1300.0,50700.0,22.75,3,17994.67,B,True,1,False,2024-10-13,closed,0,0,0.0,2024-10-13,repaid
LN0000105,APP0000148,C000601,P06,2024-07-13 03:44:14,51000.0,1785.0,49215.0,20.25,6,9009.03,B,False,1,False,2025-01-13,closed,0,27,0.0,2025-01-15,repaid
LN0000106,APP0000253,C000865,P02,2024-07-13 04:34:05,33000.0,660.0,32340.0,27.25,3,11503.32,A,True,1,False,2024-10-13,closed,0,6,0.0,2024-10-13,repaid
LN0000107,APP0000259,C000312,P01,2024-07-13 05:11:48,200000.0,5000.0,195000.0,21.25,6,35429.52,A,True,1,False,2025-01-13,closed,0,0,0.0,2025-01-13,repaid
LN0000108,APP0000262,C000886,P02,2024-07-13 05:56:41,19000.0,380.0,18620.0,27.75,3,6628.48,B,False,1,False,2024-10-13,closed,0,6,0.0,2024-10-19,repaid
LN0000109,APP0000260,C000890,P01,2024-07-13 07:08:12,114000.0,2850.0,111150.0,22.0,3,39401.77,B,True,1,False,2024-10-13,closed,0,0,0.0,2024-10-13,repaid
LN0000110,APP0000272,C000937,P02,2024-07-13 14:03:12,22000.0,440.0,21560.0,26.75,2,11369.16,A,True,1,False,2024-09-13,closed,0,16,0.0,2024-09-29,repaid
LN0000111,APP0000186,C000644,P06,2024-07-13 15:57:04,81000.0,2835.0,78165.0,18.5,18,5187.59,A,False,1,False,2026-01-13,closed,0,2,0.0,2025-10-12,foreclosure
LN0000112,APP0000279,C000988,P03,2024-07-13 19:56:37,3100.0,31.0,3069.0,14.75,1,3138.1,B,False,1,False,2024-08-13,closed,0,0,0.0,2024-08-10,repaid
LN0000113,APP0000285,C000953,P01,2024-07-13 23:55:20,37000.0,925.0,36075.0,22.25,12,3467.45,B,False,1,False,2025-07-13,closed,0,0,0.0,2025-07-09,repaid
LN0000114,APP0000283,C000233,P01,2024-07-14 00:16:14,69000.0,1725.0,67275.0,23.75,24,3639.5,C,False,1,False,2026-07-14,active,0,36,3568.9,,
LN0000115,APP0000288,C000602,P03,2024-07-14 00:58:02,4800.0,48.0,4752.0,14.75,3,1639.49,B,False,1,False,2024-10-14,closed,0,0,0.0,2024-10-10,repaid
LN0000116,APP0000284,C001009,P01,2024-07-14 01:05:39,60000.0,1500.0,58500.0,22.5,3,20754.64,B,True,1,False,2024-10-14,closed,0,0,0.0,2024-10-14,repaid
LN0000117,APP0000277,C000975,P02,2024-07-14 01:25:13,22000.0,440.0,21560.0,27.0,3,7665.78,A,False,1,False,2024-10-14,closed,0,0,0.0,2024-10-12,repaid
LN0000118,APP0000287,C001011,P03,2024-07-14 02:12:07,3900.0,39.0,3861.0,12.75,1,3941.44,A,False,1,False,2024-08-14,closed,0,0,0.0,2024-08-12,repaid
LN0000119,APP0000282,C000989,P03,2024-07-14 03:09:05,5200.0,52.0,5148.0,14.75,3,1776.12,B,False,1,False,2024-10-14,closed,0,20,0.0,2024-11-03,repaid
LN0000120,APP0000297,C000783,P01,2024-07-14 09:16:47,40000.0,1000.0,39000.0,22.25,24,2080.07,B,False,1,False,2026-07-14,active,0,2,2042.15,,
LN0000121,APP0000298,C000190,P04,2024-07-14 10:57:40,25000.0,500.0,24500.0,19.5,12,2309.88,B,True,1,False,2025-07-14,closed,0,0,0.0,2025-07-14,repaid
LN0000122,APP0000293,C000978,P02,2024-07-14 11:00:38,22000.0,440.0,21560.0,26.75,1,22490.42,A,False,1,False,2024-08-14,closed,0,0,0.0,2024-08-12,repaid
LN0000123,APP0000296,C000844,P01,2024-07-14 13:14:07,60000.0,1500.0,58500.0,20.5,18,3900.23,A,False,1,False,2026-01-14,closed,0,1,0.0,2026-01-14,repaid
LN0000124,APP0000300,C001024,P04,2024-07-14 17:04:13,39000.0,780.0,38220.0,18.5,6,6855.2,B,True,1,False,2025-01-14,closed,0,2,0.0,2025-01-16,repaid
LN0000125,APP0000306,C000730,P02,2024-07-14 18:28:45,33000.0,660.0,32340.0,28.0,1,33770.0,B,False,1,False,2024-08-14,closed,0,0,0.0,2024-08-13,repaid
LN0000126,APP0000304,C001041,P03,2024-07-14 21:20:16,5700.0,57.0,5643.0,12.5,1,5759.37,A,False,1,False,2024-08-14,closed,0,0,0.0,2024-08-10,repaid
LN0000127,APP0000307,C000970,P04,2024-07-14 23:08:49,47000.0,940.0,46060.0,17.5,6,8237.98,A,False,1,False,2025-01-14,written_off,532,532,8119.6,,
LN0000128,APP0000302,C000748,P03,2024-07-14 23:12:20,9400.0,94.0,9306.0,13.75,3,3205.41,A,False,1,False,2024-10-14,closed,0,1,0.0,2024-10-13,repaid
LN0000129,APP0000309,C001046,P02,2024-07-14 23:19:53,42000.0,840.0,41160.0,27.0,1,42945.0,A,False,1,False,2024-08-14,closed,0,0,0.0,2024-08-13,repaid
LN0000130,APP0000312,C001063,P03,2024-07-14 23:30:49,3400.0,34.0,3366.0,16.5,1,3446.75,C,True,1,False,2024-08-14,closed,0,1,0.0,2024-08-15,repaid
LN0000131,APP0000314,C001073,P01,2024-07-15 00:11:28,127000.0,3175.0,123825.0,20.5,3,43787.89,A,True,1,False,2024-10-15,closed,0,0,0.0,2024-10-15,repaid
LN0000132,APP0000319,C001067,P03,2024-07-15 05:06:31,17000.0,170.0,16830.0,13.25,1,17187.71,A,False,1,False,2024-08-15,closed,0,0,0.0,2024-08-14,repaid
LN0000133,APP0000317,C001039,P01,2024-07-15 05:46:06,194000.0,4850.0,189150.0,22.25,6,34463.75,B,False,1,False,2025-01-15,closed,0,0,0.0,2025-01-13,repaid
LN0000134,APP0000321,C000905,P03,2024-07-15 07:39:33,5400.0,54.0,5346.0,14.75,1,5466.38,B,True,1,False,2024-08-15,closed,0,0,0.0,2024-08-15,repaid
LN0000135,APP0000323,C001053,P01,2024-07-15 09:33:52,43000.0,1075.0,41925.0,20.5,6,7601.22,A,True,1,False,2025-01-15,closed,0,0,0.0,2025-01-15,repaid
LN0000136,APP0000325,C001057,P01,2024-07-15 12:17:34,71000.0,1775.0,69225.0,21.5,9,8612.33,B,True,1,False,2025-04-15,written_off,653,653,63659.75,,
LN0000137,APP0000327,C001075,P01,2024-07-15 13:01:30,34000.0,850.0,33150.0,22.25,12,3186.3,B,True,1,False,2025-07-15,closed,0,2,0.0,2025-07-15,repaid
LN0000138,APP0000331,C001101,P02,2024-07-15 15:34:32,19000.0,380.0,18620.0,27.0,1,19427.5,A,False,1,False,2024-08-15,closed,0,7,0.0,2024-08-22,repaid
LN0000139,APP0000332,C000891,P03,2024-07-15 18:18:07,7900.0,79.0,7821.0,13.5,1,7988.88,A,True,1,False,2024-08-15,closed,0,0,0.0,2024-08-15,repaid
LN0000140,APP0000341,C000662,P04,2024-07-15 20:40:45,36000.0,720.0,35280.0,18.25,9,4310.29,B,False,1,False,2025-04-15,closed,0,0,0.0,2025-04-15,repaid
LN0000141,APP0000337,C000491,P04,2024-07-15 23:15:57,18000.0,360.0,17640.0,18.75,18,1154.95,B,True,1,False,2026-01-15,closed,0,3,0.0,2026-01-15,repaid
LN0000142,APP0000346,C000973,P01,2024-07-16 01:52:41,160000.0,4000.0,156000.0,23.5,3,55435.73,C,False,1,False,2024-10-16,closed,0,0,0.0,2024-10-12,repaid
LN0000143,APP0000339,C000798,P04,2024-07-16 04:52:39,27000.0,540.0,26460.0,16.25,6,4715.67,A,True,1,False,2025-01-16,closed,0,0,0.0,2025-01-16,repaid
LN0000144,APP0000350,C001094,P04,2024-07-16 05:01:20,20000.0,400.0,19600.0,20.75,12,1859.88,C,False,1,False,2025-07-16,closed,0,43,0.0,2025-07-13,repaid
LN0000145,APP0000348,C000933,P03,2024-07-16 05:03:34,5800.0,58.0,5742.0,12.25,3,1972.94,A,True,1,False,2024-10-16,closed,0,0,0.0,2024-10-16,repaid
LN0000146,APP0000352,C000908,P03,2024-07-16 08:55:07,5000.0,50.0,4950.0,14.5,1,5060.42,B,True,1,False,2024-08-16,closed,0,20,0.0,2024-09-05,repaid
LN0000147,APP0000360,C001036,P03,2024-07-16 14:50:12,2800.0,28.0,2772.0,13.25,3,954.02,A,False,1,False,2024-10-16,closed,0,0,0.0,2024-10-15,repaid
LN0000148,APP0000349,C001084,P02,2024-07-16 15:12:08,11000.0,220.0,10780.0,27.25,1,11249.79,A,False,1,False,2024-08-16,closed,0,0,0.0,2024-08-16,repaid
LN0000149,APP0000362,C001050,P04,2024-07-16 17:26:47,49000.0,980.0,48020.0,19.75,6,8643.5,C,True,1,False,2025-01-16,closed,0,0,0.0,2024-10-21,foreclosure
LN0000150,APP0000373,C000731,P02,2024-07-17 04:05:40,23000.0,460.0,22540.0,26.75,1,23512.71,A,False,1,False,2024-08-17,closed,0,0,0.0,2024-08-15,repaid
LN0000151,APP0000376,C001208,P02,2024-07-17 05:23:24,18000.0,360.0,17640.0,27.25,3,6274.54,A,False,1,False,2024-10-17,closed,0,0,0.0,2024-10-14,repaid
LN0000152,APP0000378,C001172,P01,2024-07-17 07:10:47,101000.0,2525.0,98475.0,22.0,18,6638.59,B,True,1,False,2026-01-17,closed,0,5,0.0,2026-01-17,repaid
LN0000153,APP0000374,C001005,P04,2024-07-17 07:46:17,32000.0,640.0,31360.0,18.75,6,5628.77,B,True,1,False,2025-01-17,closed,0,0,0.0,2025-01-04,foreclosure
LN0000154,APP0000379,C001215,P03,2024-07-17 08:49:30,3400.0,34.0,3366.0,14.75,1,3441.79,B,True,1,False,2024-08-17,closed,0,0,0.0,2024-08-17,repaid
LN0000155,APP0000381,C001219,P03,2024-07-17 11:53:39,9700.0,97.0,9603.0,12.5,6,1676.12,A,False,1,False,2025-01-17,written_off,529,529,1658.82,,
LN0000156,APP0000385,C001186,P01,2024-07-17 14:12:59,61000.0,1525.0,59475.0,21.25,6,10806.0,B,True,1,False,2025-01-17,closed,0,0,0.0,2025-01-17,repaid
LN0000157,APP0000389,C001264,P04,2024-07-17 16:15:01,27000.0,540.0,26460.0,17.25,9,3219.73,A,False,1,False,2025-04-17,closed,0,34,0.0,2025-05-03,repaid
LN0000158,APP0000388,C000547,P02,2024-07-17 18:16:45,16000.0,320.0,15680.0,27.0,1,16360.0,A,False,1,False,2024-08-17,closed,0,0,0.0,2024-08-13,repaid
LN0000159,APP0000392,C001153,P04,2024-07-17 18:47:20,28000.0,560.0,27440.0,21.0,9,3389.63,C,True,1,False,2025-04-17,closed,0,11,0.0,2025-04-17,repaid
LN0000160,APP0000401,C001231,P01,2024-07-18 00:15:35,161000.0,4025.0,156975.0,23.0,24,8432.1,C,True,1,False,2026-07-18,active,0,3,8273.56,,
LN0000161,APP0000268,C000188,P06,2024-07-18 02:24:59,131000.0,4585.0,126415.0,19.0,18,8421.14,A,False,1,False,2026-01-18,closed,0,2,0.0,2026-01-20,repaid
LN0000162,APP0000404,C001100,P02,2024-07-18 04:50:43,27000.0,540.0,26460.0,26.75,3,9404.2,A,False,1,False,2024-10-18,closed,0,0,0.0,2024-10-18,repaid
LN0000163,APP0000403,C001040,P02,2024-07-18 05:47:05,17000.0,340.0,16660.0,26.5,2,8782.59,A,True,1,False,2024-09-18,closed,0,1,0.0,2024-09-19,repaid
LN0000164,APP0000407,C000348,P02,2024-07-18 06:29:38,8300.0,166.0,8134.0,27.0,2,4290.58,A,True,1,False,2024-09-18,closed,0,0,0.0,2024-09-18,repaid
LN0000165,APP0000413,C001163,P02,2024-07-18 11:34:38,26000.0,520.0,25480.0,26.75,2,13436.28,A,False,1,False,2024-09-18,closed,0,0,0.0,2024-09-17,repaid
LN0000166,APP0000416,C001331,P02,2024-07-18 14:41:15,18000.0,360.0,17640.0,27.5,3,6277.08,A,True,1,False,2024-10-18,closed,0,0,0.0,2024-10-18,repaid
LN0000167,APP0000426,C001334,P03,2024-07-18 22:28:58,7300.0,73.0,7227.0,12.5,1,7376.04,A,True,1,False,2024-08-18,closed,0,0,0.0,2024-08-18,repaid
LN0000168,APP0000421,C000183,P03,2024-07-18 23:01:20,6800.0,68.0,6732.0,13.0,1,6873.67,A,False,1,False,2024-08-18,closed,0,0,0.0,2024-08-17,repaid
LN0000169,APP0000419,C001361,P04,2024-07-18 23:55:05,34000.0,680.0,33320.0,18.5,9,4074.92,B,False,1,False,2025-04-18,closed,0,5,0.0,2025-04-15,repaid
LN0000170,APP0000431,C001246,P03,2024-07-19 00:35:19,6600.0,66.0,6534.0,12.5,1,6668.75,A,True,1,False,2024-08-19,closed,0,0,0.0,2024-08-19,repaid
LN0000171,APP0000436,C001405,P01,2024-07-19 04:04:59,200000.0,5000.0,195000.0,21.0,9,24211.63,A,True,1,False,2025-04-19,closed,0,0,0.0,2024-10-21,foreclosure
LN0000172,APP0000412,C000238,P05,2024-07-19 07:28:43,112000.0,3360.0,108640.0,26.0,18,7580.55,C,False,1,False,2026-01-19,closed,0,4,0.0,2026-01-19,repaid
LN0000173,APP0000443,C001373,P01,2024-07-19 09:06:56,169000.0,4225.0,164775.0,20.75,18,11006.01,A,True,1,False,2026-01-19,closed,0,3,0.0,2026-01-19,repaid
LN0000174,APP0000444,C001407,P04,2024-07-19 12:56:18,66000.0,1320.0,64680.0,17.0,12,6019.51,A,False,1,False,2025-07-19,closed,0,23,0.0,2025-07-17,repaid
LN0000175,APP0000445,C001337,P03,2024-07-19 13:37:45,4800.0,48.0,4752.0,13.25,3,1635.46,A,True,1,False,2024-10-19,closed,0,0,0.0,2024-10-19,repaid
LN0000176,APP0000446,C001366,P03,2024-07-19 13:39:25,3200.0,32.0,3168.0,13.25,1,3235.33,A,False,1,False,2024-08-19,closed,0,0,0.0,2024-08-16,repaid
LN0000177,APP0000451,C001423,P03,2024-07-19 14:05:48,6200.0,62.0,6138.0,13.0,1,6267.17,A,True,1,False,2024-08-19,closed,0,0,0.0,2024-08-19,repaid
LN0000178,APP0000442,C001369,P04,2024-07-19 16:54:39,32000.0,640.0,31360.0,18.75,9,3839.07,B,False,1,False,2025-04-19,closed,0,0,0.0,2024-12-20,foreclosure
LN0000179,APP0000457,C001410,P04,2024-07-19 21:26:47,42000.0,840.0,41160.0,18.5,6,7382.52,B,False,1,False,2025-01-19,closed,0,68,0.0,2025-02-04,repaid
LN0000180,APP0000460,C001345,P04,2024-07-19 23:14:42,42000.0,840.0,41160.0,17.0,12,3830.6,A,False,1,False,2025-07-19,closed,0,0,0.0,2025-07-18,repaid
LN0000181,APP0000463,C001456,P01,2024-07-20 00:02:18,81000.0,2025.0,78975.0,22.75,6,14409.8,B,True,1,False,2025-01-20,closed,0,0,0.0,2025-01-20,repaid
LN0000182,APP0000464,C001466,P04,2024-07-20 00:11:25,18000.0,360.0,17640.0,16.0,9,2135.69,A,True,1,False,2025-04-20,closed,0,0,0.0,2025-04-20,repaid
LN0000183,APP0000465,C001454,P03,2024-07-20 00:51:28,7000.0,70.0,6930.0,13.5,6,1213.03,B,False,1,False,2025-01-20,closed,0,0,0.0,2025-01-18,repaid
LN0000184,APP0000467,C001358,P01,2024-07-20 04:59:25,101000.0,2525.0,98475.0,22.5,12,9477.35,B,True,1,False,2025-07-20,closed,0,37,0.0,2025-08-09,repaid
LN0000185,APP0000469,C001431,P02,2024-07-20 06:18:31,36000.0,720.0,35280.0,26.5,3,12533.86,A,False,1,False,2024-10-20,closed,0,0,0.0,2024-10-19,repaid
LN0000186,APP0000286,C001002,P06,2024-07-20 11:06:57,75000.0,2625.0,72375.0,19.0,18,4821.26,A,False,1,False,2026-01-20,closed,0,7,0.0,2026-01-21,repaid
LN0000187,APP0000477,C001474,P02,2024-07-20 12:42:34,9000.0,180.0,8820.0,27.0,3,3136.0,A,True,1,False,2024-10-20,closed,0,0,0.0,2024-10-20,repaid
LN0000188,APP0000466,C001451,P04,2024-07-20 13:47:50,16000.0,320.0,15680.0,16.25,18,1007.59,A,False,1,False,2026-01-20,closed,0,3,0.0,2026-01-20,repaid
LN0000189,APP0000480,C001471,P01,2024-07-20 14:08:09,102000.0,2550.0,99450.0,22.75,12,9583.48,B,True,1,False,2025-07-20,closed,0,0,0.0,2025-07-20,repaid
LN0000190,APP0000482,C001502,P01,2024-07-20 19:05:33,77000.0,1925.0,75075.0,20.25,24,3928.39,A,False,1,False,2026-07-20,active,0,5,3863.13,,
LN0000191,APP0000489,C000910,P04,2024-07-20 20:36:23,35000.0,700.0,34300.0,16.75,12,3188.02,A,False,1,False,2025-07-20,closed,0,3,0.0,2025-07-17,repaid
LN0000192,APP0000502,C001159,P02,2024-07-21 08:08:30,50000.0,1000.0,49000.0,27.75,1,51156.25,A,True,1,False,2024-08-21,closed,0,0,0.0,2024-08-21,repaid
LN0000193,APP0000488,C000715,P04,2024-07-21 10:09:40,82000.0,1640.0,80360.0,17.0,12,7478.79,A,True,1,False,2025-07-21,closed,0,0,0.0,2025-07-21,repaid
LN0000194,APP0000497,C001522,P02,2024-07-21 10:57:17,13000.0,260.0,12740.0,26.75,1,13289.79,A,False,1,False,2024-08-21,closed,0,0,0.0,2024-08-20,repaid
LN0000195,APP0000509,C001513,P02,2024-07-21 11:10:20,20000.0,400.0,19600.0,26.5,3,6963.25,A,False,1,False,2024-10-21,closed,0,1,0.0,2024-10-21,repaid
LN0000196,APP0000504,C001260,P02,2024-07-21 12:15:37,15000.0,300.0,14700.0,26.75,3,5224.55,A,True,1,False,2024-10-21,closed,0,0,0.0,2024-10-21,repaid
LN0000197,APP0000513,C001478,P03,2024-07-21 12:55:01,3600.0,36.0,3564.0,12.5,6,622.06,A,False,1,False,2025-01-21,closed,0,0,0.0,2025-01-19,repaid
LN0000198,APP0000515,C001394,P03,2024-07-21 18:23:34,15000.0,150.0,14850.0,12.5,3,5104.53,A,True,1,False,2024-10-21,closed,0,2,0.0,2024-10-21,repaid
LN0000199,APP0000522,C001585,P01,2024-07-21 23:00:15,200000.0,5000.0,195000.0,22.5,3,69182.15,B,False,1,False,2024-10-21,closed,0,0,0.0,2024-10-18,repaid
LN0000200,APP0000523,C001571,P02,2024-07-22 02:13:24,19000.0,380.0,18620.0,27.0,3,6620.45,A,True,1,False,2024-10-22,closed,0,4,0.0,2024-10-22,repaid
