event_id,user_id,event_name,event_ts,session_id,platform,app_version,properties
EV000000001,C000001,signup,2024-07-01 00:45:11,S-000001-955441,android,4.8.0,"{""channel"":""partnerships"",""campaign_id"":""CMP-202407-PTN"",""city_tier"":""tier_2""}"
EV000000002,C000001,kyc_started,2024-07-01 00:46:53,S-000001-955441,android,4.8.0,"{""variant"":""none""}"
EV000000003,C000001,kyc_completed,2024-07-01 00:54:46,S-000001-955441,android,4.8.0,"{""kyc_method"":""aadhaar_okyc"",""variant"":""none""}"
EV000000004,C000002,signup,2024-07-01 00:57:25,S-000002-955441,android,4.8.0,"{""channel"":""paid_social"",""campaign_id"":""CMP-202407-PSO"",""city_tier"":""tier_3""}"
EV000000005,C000002,kyc_started,2024-07-01 01:03:07,S-000002-955442,android,4.8.0,"{""variant"":""none""}"
EV000000006,C000003,signup,2024-07-01 01:13:14,S-000003-955442,android,4.8.0,"{""channel"":""paid_social"",""campaign_id"":""CMP-202407-PSO"",""city_tier"":""tier_2""}"
EV000000007,C000004,signup,2024-07-01 01:13:23,S-000004-955442,android,4.8.0,"{""channel"":""referral"",""campaign_id"":""CMP-202407-REF"",""city_tier"":""tier_3""}"
EV000000008,C000003,kyc_started,2024-07-01 01:14:23,S-000003-955442,android,4.8.0,"{""variant"":""none""}"
EV000000009,C000004,kyc_started,2024-07-01 01:34:02,S-000004-955443,android,4.8.0,"{""variant"":""none""}"
EV000000010,C000003,kyc_completed,2024-07-01 01:40:00,S-000003-955443,android,4.8.0,"{""kyc_method"":""digilocker"",""variant"":""none""}"
EV000000011,C000004,kyc_completed,2024-07-01 01:48:41,S-000004-955443,android,4.8.0,"{""kyc_method"":""digilocker"",""variant"":""none""}"
EV000000012,C000005,signup,2024-07-01 04:50:10,S-000005-955449,android,4.8.0,"{""channel"":""organic"",""campaign_id"":""organic"",""city_tier"":""tier_1""}"
EV000000013,C000005,kyc_started,2024-07-01 04:50:57,S-000005-955449,android,4.8.0,"{""variant"":""none""}"
EV000000014,C000005,kyc_completed,2024-07-01 04:53:53,S-000005-955449,android,4.8.0,"{""kyc_method"":""digilocker"",""variant"":""none""}"
EV000000015,C000006,signup,2024-07-01 05:08:31,S-000006-955450,android,4.8.0,"{""channel"":""paid_search"",""campaign_id"":""CMP-202407-PSR"",""city_tier"":""tier_2""}"
EV000000016,C000006,kyc_started,2024-07-01 05:19:13,S-000006-955450,android,4.8.0,"{""variant"":""none""}"
EV000000017,C000007,signup,2024-07-01 06:10:11,S-000007-955452,android,4.8.0,"{""channel"":""paid_search"",""campaign_id"":""CMP-202407-PSR"",""city_tier"":""tier_1""}"
EV000000018,C000007,kyc_started,2024-07-01 06:17:06,S-000007-955452,android,4.8.0,"{""variant"":""none""}"
EV000000019,C000007,kyc_completed,2024-07-01 06:26:40,S-000007-955452,android,4.8.0,"{""kyc_method"":""digilocker"",""variant"":""none""}"
EV000000020,C000008,signup,2024-07-01 07:11:28,S-000008-955454,android,4.8.0,"{""channel"":""paid_search"",""campaign_id"":""CMP-202407-PSR"",""city_tier"":""tier_1""}"
EV000000021,C000009,signup,2024-07-01 07:16:01,S-000009-955454,android,4.8.0,"{""channel"":""paid_social"",""campaign_id"":""CMP-202407-PSO"",""city_tier"":""tier_3""}"
EV000000022,C000008,kyc_started,2024-07-01 07:20:56,S-000008-955454,android,4.8.0,"{""variant"":""none""}"
EV000000023,C000010,signup,2024-07-01 08:17:34,S-000010-955456,ios,4.8.0,"{""channel"":""organic"",""campaign_id"":""organic"",""city_tier"":""tier_3""}"
EV000000024,C000011,signup,2024-07-01 09:05:58,S-000011-955458,web,web,"{""channel"":""organic"",""campaign_id"":""organic"",""city_tier"":""tier_1""}"
EV000000025,C000011,kyc_started,2024-07-01 09:07:55,S-000011-955458,web,web,"{""variant"":""none""}"
EV000000026,C000012,signup,2024-07-01 09:24:28,S-000012-955458,android,4.8.0,"{""channel"":""affiliate"",""campaign_id"":""CMP-202407-AFF"",""city_tier"":""tier_3""}"
EV000000027,C000012,kyc_started,2024-07-01 09:38:51,S-000012-955459,android,4.8.0,"{""variant"":""none""}"
EV000000028,C000013,signup,2024-07-01 09:43:20,S-000013-955459,android,4.8.0,"{""channel"":""organic"",""campaign_id"":""organic"",""city_tier"":""tier_2""}"
EV000000029,C000014,signup,2024-07-01 09:54:51,S-000014-955459,android,4.8.0,"{""channel"":""referral"",""campaign_id"":""CMP-202407-REF"",""city_tier"":""tier_2""}"
EV000000030,C000014,kyc_started,2024-07-01 09:55:56,S-000014-955459,android,4.8.0,"{""variant"":""none""}"
EV000000031,C000014,kyc_completed,2024-07-01 10:02:42,S-000014-955460,android,4.8.0,"{""kyc_method"":""aadhaar_okyc"",""variant"":""none""}"
EV000000032,C000015,signup,2024-07-01 10:05:46,S-000015-955460,android,4.8.0,"{""channel"":""referral"",""campaign_id"":""CMP-202407-REF"",""city_tier"":""tier_2""}"
EV000000033,C000015,kyc_started,2024-07-01 10:10:43,S-000015-955460,android,4.8.0,"{""variant"":""none""}"
EV000000034,C000016,signup,2024-07-01 10:14:28,S-000016-955460,android,4.8.0,"{""channel"":""paid_search"",""campaign_id"":""CMP-202407-PSR"",""city_tier"":""tier_1""}"
EV000000035,C000016,kyc_started,2024-07-01 10:16:39,S-000016-955460,android,4.8.0,"{""variant"":""none""}"
EV000000036,C000017,signup,2024-07-01 10:18:36,S-000017-955460,ios,4.8.0,"{""channel"":""paid_social"",""campaign_id"":""CMP-202407-PSO"",""city_tier"":""tier_2""}"
EV000000037,C000016,kyc_completed,2024-07-01 10:19:48,S-000016-955460,android,4.8.0,"{""kyc_method"":""aadhaar_okyc"",""variant"":""none""}"
EV000000038,C000008,kyc_completed,2024-07-01 10:44:37,S-000008-955461,android,4.8.0,"{""kyc_method"":""digilocker"",""variant"":""none""}"
EV000000039,C000008,emi_calculator_used,2024-07-01 10:56:44,S-000008-955461,android,4.8.0,"{""product_id"":""P05""}"
EV000000040,C000018,signup,2024-07-01 10:59:00,S-000018-955461,android,4.8.0,"{""channel"":""paid_search"",""campaign_id"":""CMP-202407-PSR"",""city_tier"":""tier_1""}"
EV000000041,C000019,signup,2024-07-01 11:01:45,S-000019-955462,android,4.8.0,"{""channel"":""affiliate"",""campaign_id"":""CMP-202407-AFF"",""city_tier"":""tier_3""}"
EV000000042,C000008,loan_application_started,2024-07-01 11:05:37,S-000008-955462,android,4.8.0,"{""product_id"":""P05"",""is_repeat"":false}"
EV000000043,C000020,signup,2024-07-01 11:23:50,S-000020-955462,web,web,"{""channel"":""paid_social"",""campaign_id"":""CMP-202407-PSO"",""city_tier"":""tier_3""}"
EV000000044,C000008,loan_application_submitted,2024-07-01 11:27:13,S-000008-955462,android,4.8.0,"{""product_id"":""P05"",""amount"":120000,""tenure_months"":18}"
EV000000045,C000021,signup,2024-07-01 11:30:37,S-000021-955463,android,4.8.0,"{""channel"":""paid_search"",""campaign_id"":""CMP-202407-PSR"",""city_tier"":""tier_1""}"
EV000000046,C000021,kyc_started,2024-07-01 11:35:38,S-000021-955463,android,4.8.0,"{""variant"":""none""}"
EV000000047,C000022,signup,2024-07-01 11:40:43,S-000022-955463,ios,4.8.0,"{""channel"":""organic"",""campaign_id"":""organic"",""city_tier"":""tier_2""}"
EV000000048,C000022,kyc_started,2024-07-01 11:43:37,S-000022-955463,ios,4.8.0,"{""variant"":""none""}"
EV000000049,C000022,kyc_completed,2024-07-01 11:54:50,S-000022-955463,ios,4.8.0,"{""kyc_method"":""ckyc"",""variant"":""none""}"
EV000000050,C000023,signup,2024-07-01 12:19:47,S-000023-955464,android,4.8.0,"{""channel"":""paid_social"",""campaign_id"":""CMP-202407-PSO"",""city_tier"":""tier_2""}"
EV000000051,C000024,signup,2024-07-01 12:30:32,S-000024-955465,android,4.8.0,"{""channel"":""organic"",""campaign_id"":""organic"",""city_tier"":""tier_2""}"
EV000000052,C000025,signup,2024-07-01 12:49:22,S-000025-955465,android,4.8.0,"{""channel"":""partnerships"",""campaign_id"":""CMP-202407-PTN"",""city_tier"":""tier_1""}"
EV000000053,C000016,loan_application_started,2024-07-01 12:52:23,S-000016-955465,android,4.8.0,"{""product_id"":""P01"",""is_repeat"":false}"
EV000000054,C000025,kyc_started,2024-07-01 12:55:01,S-000025-955465,android,4.8.0,"{""variant"":""none""}"
EV000000055,C000016,loan_application_submitted,2024-07-01 13:03:48,S-000016-955466,android,4.8.0,"{""product_id"":""P01"",""amount"":169000,""tenure_months"":9}"
EV000000056,C000016,loan_rejected,2024-07-01 13:04:26,,server,,"{""product_id"":""P01"",""reason"":""high_existing_obligations""}"
EV000000057,C000025,kyc_completed,2024-07-01 13:07:33,S-000025-955466,android,4.8.0,"{""kyc_method"":""digilocker"",""variant"":""none""}"
EV000000058,C000026,signup,2024-07-01 13:08:37,S-000026-955466,android,4.8.0,"{""channel"":""organic"",""campaign_id"":""organic"",""city_tier"":""tier_1""}"
EV000000059,C000027,signup,2024-07-01 13:16:37,S-000027-955466,android,4.8.0,"{""channel"":""organic"",""campaign_id"":""organic"",""city_tier"":""tier_1""}"
EV000000060,C000026,kyc_started,2024-07-01 13:17:04,S-000026-955466,android,4.8.0,"{""variant"":""none""}"
EV000000061,C000027,kyc_started,2024-07-01 13:19:16,S-000027-955466,Android,4.8.0,"{""variant"":""none""}"
EV000000062,C000026,kyc_completed,2024-07-01 13:19:34,S-000026-955466,android,4.8.0,"{""kyc_method"":""video_kyc"",""variant"":""none""}"
EV000000063,C000028,signup,2024-07-01 13:22:43,S-000028-955466,android,4.8.0,"{""channel"":""paid_social"",""campaign_id"":""CMP-202407-PSO"",""city_tier"":""tier_2""}"
EV000000064,C000028,kyc_started,2024-07-01 13:25:46,S-000028-955466,android,4.8.0,"{""variant"":""none""}"
EV000000065,C000029,signup,2024-07-01 13:32:41,S-000029-955467,ios,4.8.0,"{""channel"":""partnerships"",""campaign_id"":""CMP-202407-PTN"",""city_tier"":""tier_3""}"
EV000000066,C000030,signup,2024-07-01 13:35:08,S-000030-955467,android,4.8.0,"{""channel"":""organic"",""campaign_id"":""organic"",""city_tier"":""tier_3""}"
EV000000067,C000029,kyc_started,2024-07-01 13:40:42,S-000029-955467,ios,4.8.0,"{""variant"":""none""}"
EV000000068,C000029,kyc_completed,2024-07-01 13:43:28,S-000029-955467,ios,4.8.0,"{""kyc_method"":""aadhaar_okyc"",""variant"":""none""}"
EV000000069,C000030,kyc_started,2024-07-01 13:47:06,S-000030-955467,android,4.8.0,"{""variant"":""none""}"
EV000000070,C000031,signup,2024-07-01 13:50:58,S-000031-955467,android,4.8.0,"{""channel"":""referral"",""campaign_id"":""CMP-202407-REF"",""city_tier"":""tier_2""}"
EV000000071,C000005,login,2024-07-01 13:53:55,S-000005-955467,android,4.8.0,"{""method"":""otp""}"
EV000000072,C000032,signup,2024-07-01 13:59:01,S-000032-955467,android,4.8.0,"{""channel"":""partnerships"",""campaign_id"":""CMP-202407-PTN"",""city_tier"":""tier_1""}"
EV000000073,C000033,signup,2024-07-01 14:01:30,S-000033-955468,android,4.8.0,"{""channel"":""paid_social"",""campaign_id"":""CMP-202407-PSO"",""city_tier"":""tier_1""}"
EV000000074,C000031,kyc_started,2024-07-01 14:02:24,S-000031-955468,android,4.8.0,"{""variant"":""none""}"
EV000000075,C000033,kyc_started,2024-07-01 14:03:49,S-000033-955468,android,4.8.0,"{""variant"":""none""}"
EV000000076,C000033,kyc_completed,2024-07-01 14:08:14,S-000033-955468,android,4.8.0,"{""kyc_method"":""digilocker"",""variant"":""none""}"
EV000000077,C000034,signup,2024-07-01 14:24:05,S-000034-955468,android,4.8.0,"{""channel"":""paid_search"",""campaign_id"":""CMP-202407-PSR"",""city_tier"":""tier_1""}"
EV000000078,C000034,kyc_started,2024-07-01 14:26:17,S-000034-955468,android,4.8.0,"{""variant"":""none""}"
EV000000079,C000035,signup,2024-07-01 14:26:27,S-000035-955468,android,4.8.0,"{""channel"":""paid_social"",""campaign_id"":""CMP-202407-PSO"",""city_tier"":""tier_1""}"
EV000000080,C000036,signup,2024-07-01 14:26:58,S-000036-955468,Android,4.8.0,"{""channel"":""organic"",""campaign_id"":""organic"",""city_tier"":""tier_1""}"
EV000000081,C000037,signup,2024-07-01 14:36:01,S-000037-955469,android,4.8.0,"{""channel"":""paid_social"",""campaign_id"":""CMP-202407-PSO"",""city_tier"":""tier_1""}"
EV000000082,C000038,signup,2024-07-01 14:37:32,S-000038-955469,android,4.8.0,"{""channel"":""paid_search"",""campaign_id"":""CMP-202407-PSR"",""city_tier"":""tier_2""}"
EV000000083,C000034,kyc_completed,2024-07-01 14:42:45,S-000034-955469,android,4.8.0,"{""kyc_method"":""aadhaar_okyc"",""variant"":""none""}"
EV000000084,C000039,signup,2024-07-01 14:45:38,S-000039-955469,android,4.8.0,"{""channel"":""affiliate"",""campaign_id"":""CMP-202407-AFF"",""city_tier"":""tier_1""}"
EV000000085,C000039,kyc_started,2024-07-01 14:50:45,S-000039-955469,android,4.8.0,"{""variant"":""none""}"
EV000000086,C000040,signup,2024-07-01 15:08:17,S-000040-955470,web,web,"{""channel"":""paid_search"",""campaign_id"":""CMP-202407-PSR"",""city_tier"":""tier_2""}"
EV000000087,C000040,kyc_started,2024-07-01 15:15:29,S-000040-955470,web,web,"{""variant"":""none""}"
EV000000088,C000041,signup,2024-07-01 15:15:40,S-000041-955470,android,4.8.0,"{""channel"":""partnerships"",""campaign_id"":""CMP-202407-PTN"",""city_tier"":""tier_2""}"
EV000000089,C000041,kyc_started,2024-07-01 15:17:30,S-000041-955470,android,4.8.0,"{""variant"":""none""}"
EV000000090,C000042,signup,2024-07-01 15:47:35,S-000042-955471,android,4.8.0,"{""channel"":""organic"",""campaign_id"":""organic"",""city_tier"":""tier_3""}"
EV000000091,C000042,kyc_started,2024-07-01 15:49:49,S-000042-955471,android,4.8.0,"{""variant"":""none""}"
EV000000092,C000042,kyc_completed,2024-07-01 15:52:32,S-000042-955471,android,4.8.0,"{""kyc_method"":""digilocker"",""variant"":""none""}"
EV000000093,C000043,signup,2024-07-01 15:54:59,S-000043-955471,web,web,"{""channel"":""affiliate"",""campaign_id"":""CMP-202407-AFF"",""city_tier"":""tier_3""}"
EV000000094,C000041,kyc_completed,2024-07-01 16:03:46,S-000041-955472,android,4.8.0,"{""kyc_method"":""aadhaar_okyc"",""variant"":""none""}"
EV000000095,C000044,signup,2024-07-01 16:24:51,S-000044-955472,ios,4.8.0,"{""channel"":""referral"",""campaign_id"":""CMP-202407-REF"",""city_tier"":""tier_1""}"
EV000000096,C000045,signup,2024-07-01 16:35:23,S-000045-955473,android,4.8.0,"{""channel"":""partnerships"",""campaign_id"":""CMP-202407-PTN"",""city_tier"":""tier_1""}"
EV000000097,C000046,signup,2024-07-01 16:36:28,S-000046-955473,android,4.8.0,"{""channel"":""paid_search"",""campaign_id"":""CMP-202407-PSR"",""city_tier"":""tier_1""}"
EV000000098,C000045,kyc_started,2024-07-01 16:39:59,S-000045-955473,android,4.8.0,"{""variant"":""none""}"
EV000000099,C000047,signup,2024-07-01 16:43:29,S-000047-955473,android,4.8.0,"{""channel"":""paid_search"",""campaign_id"":""CMP-202407-PSR"",""city_tier"":""tier_1""}"
EV000000100,C000048,signup,2024-07-01 16:44:22,S-000048-955473,android,4.8.0,"{""channel"":""paid_search"",""campaign_id"":""CMP-202407-PSR"",""city_tier"":""tier_2""}"
EV000000101,C000047,kyc_started,2024-07-01 16:45:18,S-000047-955473,android,4.8.0,"{""variant"":""none""}"
EV000000102,C000048,kyc_started,2024-07-01 16:47:35,S-000048-955473,android,4.8.0,"{""variant"":""none""}"
EV000000103,C000049,signup,2024-07-01 16:50:40,S-000049-955473,android,4.8.0,"{""channel"":""paid_social"",""campaign_id"":""CMP-202407-PSO"",""city_tier"":""tier_1""}"
EV000000104,C000049,kyc_started,2024-07-01 16:52:01,S-000049-955473,android,4.8.0,"{""variant"":""none""}"
EV000000105,C000050,signup,2024-07-01 17:05:46,S-000050-955474,web,web,"{""channel"":""paid_social"",""campaign_id"":""CMP-202407-PSO"",""city_tier"":""tier_1""}"
EV000000106,C000051,signup,2024-07-01 17:53:00,S-000051-955475,ios,4.8.0,"{""channel"":""affiliate"",""campaign_id"":""CMP-202407-AFF"",""city_tier"":""tier_2""}"
EV000000107,C000052,signup,2024-07-01 17:57:31,S-000052-955475,android,4.8.0,"{""channel"":""referral"",""campaign_id"":""CMP-202407-REF"",""city_tier"":""tier_1""}"
EV000000108,C000051,kyc_started,2024-07-01 17:58:32,S-000051-955475,ios,4.8.0,"{""variant"":""none""}"
EV000000109,C000053,signup,2024-07-01 18:00:04,S-000053-955476,android,4.8.0,"{""channel"":""organic"",""campaign_id"":""organic"",""city_tier"":""tier_1""}"
EV000000110,C000053,kyc_started,2024-07-01 18:02:12,S-000053-955476,android,4.8.0,"{""variant"":""none""}"
EV000000111,C000053,kyc_completed,2024-07-01 18:05:39,S-000053-955476,android,4.8.0,"{""kyc_method"":""aadhaar_okyc"",""variant"":""none""}"
EV000000112,C000052,kyc_started,2024-07-01 18:07:32,S-000052-955476,android,4.8.0,"{""variant"":""none""}"
EV000000113,C000053,emi_calculator_used,2024-07-01 18:30:52,S-000053-955477,android,4.8.0,"{""product_id"":""P02""}"
EV000000114,C000054,signup,2024-07-01 18:41:05,S-000054-955477,android,4.8.0,"{""channel"":""paid_social"",""campaign_id"":""CMP-202407-PSO"",""city_tier"":""tier_1""}"
EV000000115,C000054,kyc_started,2024-07-01 18:48:28,S-000054-955477,android,4.8.0,"{""variant"":""none""}"
EV000000116,C000053,loan_application_started,2024-07-01 18:49:22,S-000053-955477,android,4.8.0,"{""product_id"":""P02"",""is_repeat"":false}"
EV000000117,C000053,loan_application_submitted,2024-07-01 18:57:19,S-000053-955477,android,4.8.0,"{""product_id"":""P02"",""amount"":47000,""tenure_months"":2}"
EV000000118,C000055,signup,2024-07-01 19:01:09,S-000055-955478,android,4.8.0,"{""channel"":""paid_social"",""campaign_id"":""CMP-202407-PSO"",""city_tier"":""tier_2""}"
EV000000119,C000053,loan_approved,2024-07-01 19:01:22,,server,,"{""product_id"":""P02"",""amount"":47000,""risk_band"":""A""}"
EV000000120,C000021,support_contact,2024-07-01 19:08:00,,server,,"{""category"":""kyc_issue"",""channel"":""email""}"
EV000000121,C000056,signup,2024-07-01 19:10:59,S-000056-955478,android,4.8.0,"{""channel"":""affiliate"",""campaign_id"":""CMP-202407-AFF"",""city_tier"":""tier_2""}"
EV000000122,C000054,kyc_completed,2024-07-01 19:11:28,S-000054-955478,android,4.8.0,"{""kyc_method"":""digilocker"",""variant"":""none""}"
EV000000123,C000057,signup,2024-07-01 19:13:59,S-000057-955478,ios,4.8.0,"{""channel"":""organic"",""campaign_id"":""organic"",""city_tier"":""tier_3""}"
EV000000124,C000057,kyc_started,2024-07-01 19:19:01,S-000057-955478,ios,4.8.0,"{""variant"":""none""}"
EV000000125,C000058,signup,2024-07-01 19:22:39,S-000058-955478,android,4.8.0,"{""channel"":""paid_social"",""campaign_id"":""CMP-202407-PSO"",""city_tier"":""tier_1""}"
EV000000126,C000059,signup,2024-07-01 19:23:52,S-000059-955478,android,4.8.0,"{""channel"":""partnerships"",""campaign_id"":""CMP-202407-PTN"",""city_tier"":""tier_2""}"
EV000000127,C000060,signup,2024-07-01 19:26:38,S-000060-955478,ios,4.8.0,"{""channel"":""organic"",""campaign_id"":""organic"",""city_tier"":""tier_1""}"
EV000000128,C000061,signup,2024-07-01 19:28:41,S-000061-955478,android,4.8.0,"{""channel"":""organic"",""campaign_id"":""organic"",""city_tier"":""tier_1""}"
EV000000129,C000060,kyc_started,2024-07-01 19:30:48,S-000060-955479,ios,4.8.0,"{""variant"":""none""}"
EV000000130,C000060,kyc_completed,2024-07-01 19:33:00,S-000060-955479,ios,4.8.0,"{""kyc_method"":""digilocker"",""variant"":""none""}"
EV000000131,C000061,kyc_started,2024-07-01 19:38:02,S-000061-955479,android,4.8.0,"{""variant"":""none""}"
EV000000132,C000062,signup,2024-07-01 19:44:33,S-000062-955479,android,4.8.0,"{""channel"":""organic"",""campaign_id"":""organic"",""city_tier"":""tier_1""}"
EV000000133,C000061,kyc_completed,2024-07-01 19:52:00,S-000061-955479,android,4.8.0,"{""kyc_method"":""ckyc"",""variant"":""none""}"
EV000000134,C000063,signup,2024-07-01 19:54:28,S-000063-955479,ios,4.8.0,"{""channel"":""organic"",""campaign_id"":""organic"",""city_tier"":""tier_1""}"
EV000000135,C000062,kyc_started,2024-07-01 19:56:34,S-000062-955479,android,4.8.0,"{""variant"":""none""}"
EV000000136,C000064,signup,2024-07-01 19:58:13,S-000064-955479,android,4.8.0,"{""channel"":""affiliate"",""campaign_id"":""CMP-202407-AFF"",""city_tier"":""tier_2""}"
EV000000137,C000063,kyc_started,2024-07-01 20:00:06,S-000063-955480,ios,4.8.0,"{""variant"":""none""}"
EV000000138,C000053,loan_disbursed,2024-07-01 20:01:09,,server,,"{""product_id"":""P02"",""amount"":47000,""loan_sequence"":1}"
EV000000139,C000063,kyc_completed,2024-07-01 20:05:57,S-000063-955480,ios,4.8.0,"{""kyc_method"":""aadhaar_okyc"",""variant"":""none""}"
EV000000140,C000065,signup,2024-07-01 20:10:06,S-000065-955480,android,4.8.0,"{""channel"":""organic"",""campaign_id"":""organic"",""city_tier"":""tier_1""}"
EV000000141,C000053,autopay_enabled,2024-07-01 20:17:03,S-000053-955480,android,4.8.0,"{""mandate_type"":""nach_autodebit""}"
EV000000142,C000066,signup,2024-07-01 20:21:05,S-000066-955480,android,4.8.0,"{""channel"":""affiliate"",""campaign_id"":""CMP-202407-AFF"",""city_tier"":""tier_1""}"
EV000000143,C000066,kyc_started,2024-07-01 20:29:54,S-000066-955480,android,4.8.0,"{""variant"":""none""}"
EV000000144,C000067,signup,2024-07-01 20:32:39,S-000067-955481,android,4.8.0,"{""channel"":""organic"",""campaign_id"":""organic"",""city_tier"":""tier_1""}"
EV000000145,C000067,kyc_started,2024-07-01 20:38:38,S-000067-955481,android,4.8.0,"{""variant"":""none""}"
EV000000146,C000068,signup,2024-07-01 20:45:49,S-000068-955481,ios,4.8.0,"{""channel"":""partnerships"",""campaign_id"":""CMP-202407-PTN"",""city_tier"":""tier_1""}"
EV000000147,C000069,signup,2024-07-01 20:47:16,S-000069-955481,android,4.8.0,"{""channel"":""paid_search"",""campaign_id"":""CMP-202407-PSR"",""city_tier"":""tier_1""}"
EV000000148,C000068,kyc_started,2024-07-01 20:48:43,S-000068-955481,ios,4.8.0,"{""variant"":""none""}"
EV000000149,C000069,kyc_started,2024-07-01 20:50:27,S-000069-955481,Android,4.8.0,"{""variant"":""none""}"
EV000000150,C000070,signup,2024-07-01 20:54:00,S-000070-955481,android,4.8.0,"{""channel"":""organic"",""campaign_id"":""organic"",""city_tier"":""tier_1""}"
EV000000151,C000068,kyc_completed,2024-07-01 20:57:37,S-000068-955481,ios,4.8.0,"{""kyc_method"":""aadhaar_okyc"",""variant"":""none""}"
EV000000152,C000069,kyc_completed,2024-07-01 20:57:59,S-000069-955481,android,4.8.0,"{""kyc_method"":""digilocker"",""variant"":""none""}"
EV000000153,C000071,signup,2024-07-01 20:59:21,S-000071-955481,android,4.8.0,"{""channel"":""organic"",""campaign_id"":""organic"",""city_tier"":""tier_1""}"
EV000000154,C000071,kyc_started,2024-07-01 21:00:40,S-000071-955482,android,4.8.0,"{""variant"":""none""}"
EV000000155,C000072,signup,2024-07-01 21:02:32,S-000072-955482,ios,4.8.0,"{""channel"":""organic"",""campaign_id"":""organic"",""city_tier"":""tier_2""}"
EV000000156,C000072,kyc_started,2024-07-01 21:05:24,S-000072-955482,ios,4.8.0,"{""variant"":""none""}"
EV000000157,C000071,kyc_completed,2024-07-01 21:10:20,S-000071-955482,android,4.8.0,"{""kyc_method"":""aadhaar_okyc"",""variant"":""none""}"
EV000000158,C000073,signup,2024-07-01 21:22:57,S-000073-955482,ios,4.8.0,"{""channel"":""paid_social"",""campaign_id"":""CMP-202407-PSO"",""city_tier"":""tier_2""}"
EV000000159,C000074,signup,2024-07-01 21:26:53,S-000074-955482,android,4.8.0,"{""channel"":""paid_social"",""campaign_id"":""CMP-202407-PSO"",""city_tier"":""tier_1""}"
EV000000160,C000073,kyc_started,2024-07-01 21:28:23,S-000073-955482,ios,4.8.0,"{""variant"":""none""}"
EV000000161,C000071,emi_calculator_used,2024-07-01 21:35:51,S-000071-955483,android,4.8.0,"{""product_id"":""P01""}"
EV000000162,C000075,signup,2024-07-01 21:38:03,S-000075-955483,android,4.8.0,"{""channel"":""partnerships"",""campaign_id"":""CMP-202407-PTN"",""city_tier"":""tier_3""}"
EV000000163,C000076,signup,2024-07-01 21:39:57,S-000076-955483,android,4.8.0,"{""channel"":""affiliate"",""campaign_id"":""CMP-202407-AFF"",""city_tier"":""tier_1""}"
EV000000164,C000077,signup,2024-07-01 21:41:52,S-000077-955483,android,4.8.0,"{""channel"":""paid_social"",""campaign_id"":""CMP-202407-PSO"",""city_tier"":""tier_3""}"
EV000000165,C000077,kyc_started,2024-07-01 21:51:23,S-000077-955483,android,4.8.0,"{""variant"":""none""}"
EV000000166,C000071,loan_application_started,2024-07-01 21:52:06,S-000071-955483,android,4.8.0,"{""product_id"":""P01"",""is_repeat"":false}"
EV000000167,C000078,signup,2024-07-01 21:55:56,S-000078-955483,android,4.8.0,"{""channel"":""paid_social"",""campaign_id"":""CMP-202407-PSO"",""city_tier"":""tier_1""}"
EV000000168,C000078,kyc_started,2024-07-01 22:00:41,S-000078-955484,android,4.8.0,"{""variant"":""none""}"
EV000000169,C000079,signup,2024-07-01 22:10:27,S-000079-955484,ios,4.8.0,"{""channel"":""paid_social"",""campaign_id"":""CMP-202407-PSO"",""city_tier"":""tier_2""}"
EV000000170,C000080,signup,2024-07-01 22:16:17,S-000080-955484,android,4.8.0,"{""channel"":""partnerships"",""campaign_id"":""CMP-202407-PTN"",""city_tier"":""tier_3""}"
EV000000171,C000078,kyc_completed,2024-07-01 22:20:54,S-000078-955484,android,4.8.0,"{""kyc_method"":""ckyc"",""variant"":""none""}"
EV000000172,C000081,signup,2024-07-01 22:28:21,S-000081-955484,web,web,"{""channel"":""organic"",""campaign_id"":""organic"",""city_tier"":""tier_1""}"
EV000000173,C000082,signup,2024-07-01 22:30:09,S-000082-955485,android,4.8.0,"{""channel"":""affiliate"",""campaign_id"":""CMP-202407-AFF"",""city_tier"":""tier_1""}"
EV000000174,C000042,loan_application_started,2024-07-01 22:32:18,S-000042-955485,android,4.8.0,"{""product_id"":""P01"",""is_repeat"":false}"
EV000000175,C000083,signup,2024-07-01 22:40:32,S-000083-955485,android,4.8.0,"{""channel"":""partnerships"",""campaign_id"":""CMP-202407-PTN"",""city_tier"":""tier_1""}"
EV000000176,C000079,kyc_started,2024-07-01 22:41:29,S-000079-955485,ios,4.8.0,"{""variant"":""none""}"
EV000000177,C000084,signup,2024-07-01 22:45:05,S-000084-955485,android,4.8.0,"{""channel"":""paid_search"",""campaign_id"":""CMP-202407-PSR"",""city_tier"":""tier_1""}"
EV000000178,C000033,loan_application_started,2024-07-01 22:45:54,S-000033-955485,android,4.8.0,"{""product_id"":""P02"",""is_repeat"":false}"
EV000000179,C000085,signup,2024-07-01 22:47:11,S-000085-955485,android,4.8.0,"{""channel"":""organic"",""campaign_id"":""organic"",""city_tier"":""tier_3""}"
EV000000180,C000085,kyc_started,2024-07-01 22:48:41,S-000085-955485,android,4.8.0,"{""variant"":""none""}"
EV000000181,C000033,loan_application_submitted,2024-07-01 22:54:39,S-000033-955485,android,4.8.0,"{""product_id"":""P02"",""amount"":11000,""tenure_months"":1}"
EV000000182,C000084,kyc_started,2024-07-01 22:54:40,S-000084-955485,android,4.8.0,"{""variant"":""none""}"
EV000000183,C000033,loan_approved,2024-07-01 22:58:49,,server,,"{""product_id"":""P02"",""amount"":11000,""risk_band"":""A""}"
EV000000184,C000084,kyc_completed,2024-07-01 23:01:03,S-000084-955486,android,4.8.0,"{""kyc_method"":""video_kyc"",""variant"":""none""}"
EV000000185,C000086,signup,2024-07-01 23:22:03,S-000086-955486,android,4.8.0,"{""channel"":""paid_social"",""campaign_id"":""CMP-202407-PSO"",""city_tier"":""tier_2""}"
EV000000186,C000063,loan_application_started,2024-07-01 23:25:04,S-000063-955486,ios,4.8.0,"{""product_id"":""P01"",""is_repeat"":false}"
EV000000187,C000087,signup,2024-07-01 23:36:22,S-000087-955487,android,4.8.0,"{""channel"":""paid_search"",""campaign_id"":""CMP-202407-PSR"",""city_tier"":""tier_1""}"
EV000000188,C000087,kyc_started,2024-07-01 23:43:29,S-000087-955487,android,4.8.0,"{""variant"":""none""}"
EV000000189,C000040,support_contact,2024-07-01 23:49:00,S-000040-955487,web,web,"{""category"":""kyc_issue"",""channel"":""in_app_chat""}"
EV000000190,C000025,emi_calculator_used,2024-07-02 00:08:35,S-000025-955488,android,4.8.0,"{""product_id"":""P02""}"
EV000000191,C000087,kyc_completed,2024-07-02 00:11:41,S-000087-955488,android,4.8.0,"{""kyc_method"":""aadhaar_okyc"",""variant"":""none""}"
EV000000192,C000025,loan_application_started,2024-07-02 00:15:53,S-000025-955488,android,4.8.0,"{""product_id"":""P02"",""is_repeat"":false}"
EV000000193,C000025,loan_application_submitted,2024-07-02 00:19:23,S-000025-955488,android,4.8.0,"{""product_id"":""P02"",""amount"":25000,""tenure_months"":1}"
EV000000194,C000025,loan_approved,2024-07-02 00:20:06,,server,,"{""product_id"":""P02"",""amount"":19000,""risk_band"":""A""}"
EV000000195,C000088,signup,2024-07-02 00:26:45,S-000088-955488,ios,4.8.0,"{""channel"":""organic"",""campaign_id"":""organic"",""city_tier"":""tier_2""}"
EV000000196,C000025,loan_disbursed,2024-07-02 01:18:54,,server,,"{""product_id"":""P02"",""amount"":19000,""loan_sequence"":1}"
EV000000197,C000003,loan_application_started,2024-07-02 01:51:09,S-000003-955491,android,4.8.0,"{""product_id"":""P01"",""is_repeat"":false}"
EV000000198,C000003,loan_application_submitted,2024-07-02 01:53:50,S-000003-955491,android,4.8.0,"{""product_id"":""P01"",""amount"":102000,""tenure_months"":12}"
EV000000198,C000003,loan_application_submitted,2024-07-02 01:53:50,S-000003-955491,android,4.8.0,"{""product_id"":""P01"",""amount"":102000,""tenure_months"":12}"
EV000000199,C000003,loan_rejected,2024-07-02 01:54:58,,server,,"{""product_id"":""P01"",""reason"":""insufficient_income""}"
