repayment_id,loan_id,customer_id,installment_number,due_date,principal_due,interest_due,total_due,amount_paid,principal_paid,interest_paid,paid_date,payment_status,days_past_due,late_fee
RP00000001,LN0000001,C000053,1,2024-08-01,23238.57,1057.5,24296.07,24296.07,23238.57,1057.5,2024-08-15,paid_late,14,486.0
RP00000002,LN0000001,C000053,2,2024-09-01,23761.43,534.63,24296.06,24296.06,23761.43,534.63,2024-09-16,paid_late,15,486.0
RP00000003,LN0000002,C000025,1,2024-08-02,19000.0,427.5,19427.5,19427.5,19000.0,427.5,2024-07-31,paid_on_time,0,0.0
RP00000004,LN0000003,C000033,1,2024-08-02,11000.0,247.5,11247.5,11247.5,11000.0,247.5,2024-08-02,paid_on_time,0,0.0
RP00000005,LN0000004,C000068,1,2024-08-02,4404.71,603.75,5008.46,5008.46,4404.71,603.75,2024-08-01,paid_on_time,0,0.0
RP00000006,LN0000004,C000068,2,2024-09-02,4468.03,540.43,5008.46,5008.46,4468.03,540.43,2024-08-30,paid_on_time,0,0.0
RP00000007,LN0000004,C000068,3,2024-10-02,4532.26,476.2,5008.46,5008.46,4532.26,476.2,2024-09-28,paid_on_time,0,0.0
RP00000008,LN0000004,C000068,4,2024-11-02,4597.41,411.05,5008.46,5008.46,4597.41,411.05,2024-11-03,paid_late,1,0.0
RP00000009,LN0000004,C000068,5,2024-12-02,4663.49,344.97,5008.46,5008.46,4663.49,344.97,2024-11-29,paid_on_time,0,0.0
RP00000010,LN0000004,C000068,6,2025-01-02,4730.53,277.93,5008.46,5008.46,4730.53,277.93,2025-01-01,paid_on_time,0,0.0
RP00000011,LN0000004,C000068,7,2025-02-02,4798.53,209.93,5008.46,5008.46,4798.53,209.93,2025-01-30,paid_on_time,0,0.0
RP00000012,LN0000004,C000068,8,2025-03-02,4867.51,140.95,5008.46,5008.46,4867.51,140.95,2025-03-07,paid_late,5,250.0
RP00000013,LN0000004,C000068,9,2025-04-02,4937.49,70.98,5008.47,5008.47,4937.49,70.98,2025-04-04,paid_late,2,0.0
RP00000014,LN0000005,C000087,1,2024-08-02,10139.88,587.71,10727.59,10727.59,10139.88,587.71,2024-08-02,paid_on_time,0,0.0
RP00000015,LN0000005,C000087,2,2024-09-02,10332.12,395.47,10727.59,10727.59,10332.12,395.47,2024-08-30,paid_on_time,0,0.0
RP00000016,LN0000005,C000087,3,2024-10-02,10528.0,199.59,10727.59,10727.59,10528.0,199.59,2024-09-28,paid_on_time,0,0.0
RP00000017,LN0000006,C000029,1,2024-08-02,24706.61,1187.5,25894.11,25894.11,24706.61,1187.5,2024-08-02,paid_on_time,0,0.0
RP00000018,LN0000006,C000029,2,2024-09-02,25293.39,600.72,25894.11,25894.11,25293.39,600.72,2024-09-02,paid_on_time,0,0.0
RP00000019,LN0000007,C000101,1,2024-08-03,7100.0,164.19,7264.19,7264.19,7100.0,164.19,2024-08-04,paid_late,1,0.0
RP00000020,LN0000008,C000155,1,2024-08-03,14861.14,3529.58,18390.72,18390.72,14861.14,3529.58,2024-08-03,paid_on_time,0,0.0
RP00000021,LN0000008,C000155,2,2024-09-03,15127.4,3263.32,18390.72,18390.72,15127.4,3263.32,2024-09-03,paid_on_time,0,0.0
RP00000022,LN0000008,C000155,3,2024-10-03,15398.43,2992.29,18390.72,18390.72,15398.43,2992.29,2024-10-03,paid_on_time,0,0.0
RP00000023,LN0000008,C000155,4,2024-11-03,15674.32,2716.4,18390.72,18390.72,15674.32,2716.4,2024-11-03,paid_on_time,0,0.0
RP00000024,LN0000008,C000155,5,2024-12-03,15955.15,2435.57,18390.72,18390.72,15955.15,2435.57,2024-12-03,paid_on_time,0,0.0
RP00000025,LN0000008,C000155,6,2025-01-03,16241.01,2149.71,18390.72,18390.72,16241.01,2149.71,2025-01-03,paid_on_time,0,0.0
RP00000026,LN0000008,C000155,7,2025-02-03,16532.0,1858.72,18390.72,18390.72,16532.0,1858.72,2025-02-03,paid_on_time,0,0.0
RP00000027,LN0000008,C000155,8,2025-03-03,16828.2,1562.52,18390.72,18390.72,16828.2,1562.52,2025-03-03,paid_on_time,0,0.0
RP00000028,LN0000008,C000155,9,2025-04-03,17129.7,1261.02,18390.72,18390.72,17129.7,1261.02,2025-04-03,paid_on_time,0,0.0
RP00000029,LN0000008,C000155,10,2025-05-03,17436.61,954.11,18390.72,18390.72,17436.61,954.11,2025-05-03,paid_on_time,0,0.0
RP00000030,LN0000008,C000155,11,2025-06-03,17749.02,641.7,18390.72,18390.72,17749.02,641.7,2025-06-03,paid_on_time,0,0.0
RP00000031,LN0000008,C000155,12,2025-07-03,18067.02,323.7,18390.72,18390.72,18067.02,323.7,2025-07-04,paid_late,1,0.0
RP00000032,LN0000009,C000143,1,2024-08-03,3900.0,48.75,3948.75,3948.75,3900.0,48.75,2024-07-31,paid_on_time,0,0.0
RP00000033,LN0000010,C000162,1,2024-08-03,7151.54,1193.12,8344.66,8344.66,7151.54,1193.12,2024-08-03,paid_on_time,0,0.0
RP00000034,LN0000010,C000162,2,2024-09-03,7275.2,1069.46,8344.66,8344.66,7275.2,1069.46,2024-09-06,paid_late,3,0.0
RP00000035,LN0000010,C000162,3,2024-10-03,7401.0,943.66,8344.66,8344.66,7401.0,943.66,2024-10-03,paid_on_time,0,0.0
RP00000036,LN0000010,C000162,4,2024-11-03,7528.97,815.69,8344.66,8344.66,7528.97,815.69,2024-11-03,paid_on_time,0,0.0
RP00000037,LN0000010,C000162,5,2024-12-03,7659.16,685.5,8344.66,8344.66,7659.16,685.5,2024-12-03,paid_on_time,0,0.0
RP00000038,LN0000010,C000162,6,2025-01-03,7791.6,553.06,8344.66,8344.66,7791.6,553.06,2025-01-03,paid_on_time,0,0.0
RP00000039,LN0000010,C000162,7,2025-02-03,7926.33,418.33,8344.66,8344.66,7926.33,418.33,2025-02-03,paid_on_time,0,0.0
RP00000040,LN0000010,C000162,8,2025-03-03,8063.39,281.27,8344.66,8344.66,8063.39,281.27,2025-03-03,paid_on_time,0,0.0
RP00000041,LN0000010,C000162,9,2025-04-03,8202.82,141.84,8344.66,8344.66,8202.82,141.84,2025-04-03,paid_on_time,0,0.0
RP00000042,LN0000011,C000189,1,2024-08-04,6922.84,312.08,7234.92,7234.92,6922.84,312.08,2024-08-04,paid_on_time,0,0.0
RP00000043,LN0000011,C000189,2,2024-09-04,7077.16,157.76,7234.92,7234.92,7077.16,157.76,2024-09-04,paid_on_time,0,0.0
RP00000044,LN0000012,C000127,1,2024-08-04,11461.65,1320.0,12781.65,12781.65,11461.65,1320.0,2024-08-04,paid_on_time,0,0.0
RP00000045,LN0000012,C000127,2,2024-09-04,11671.78,1109.87,12781.65,12781.65,11671.78,1109.87,2024-09-04,paid_on_time,0,0.0
RP00000046,LN0000012,C000127,3,2024-10-04,11885.76,895.89,12781.65,12781.65,11885.76,895.89,2024-10-04,paid_on_time,0,0.0
RP00000047,LN0000012,C000127,4,2024-11-04,12103.67,677.98,12781.65,12781.65,12103.67,677.98,2024-11-04,paid_on_time,0,0.0
RP00000048,LN0000012,C000127,5,2024-12-04,12325.57,456.08,12781.65,12781.65,12325.57,456.08,2024-12-08,paid_late,4,256.0
RP00000049,LN0000012,C000127,6,2025-01-04,12551.54,230.11,12781.65,12781.65,12551.54,230.11,2025-01-04,paid_on_time,0,0.0
RP00000050,LN0000013,C000008,1,2024-08-04,5532.25,2575.0,8107.25,8107.25,5532.25,2575.0,2024-08-04,paid_on_time,0,0.0
RP00000051,LN0000013,C000008,2,2024-09-04,5650.96,2456.29,8107.25,8107.25,5650.96,2456.29,2024-09-03,paid_on_time,0,0.0
RP00000052,LN0000013,C000008,3,2024-10-04,5772.22,2335.03,8107.25,8107.25,5772.22,2335.03,2024-10-03,paid_on_time,0,0.0
RP00000053,LN0000013,C000008,4,2024-11-04,5896.09,2211.16,8107.25,8107.25,5896.09,2211.16,2024-11-02,paid_on_time,0,0.0
RP00000054,LN0000013,C000008,5,2024-12-04,6022.61,2084.64,8107.25,8107.25,6022.61,2084.64,2024-12-01,paid_on_time,0,0.0
RP00000055,LN0000013,C000008,6,2025-01-04,6151.84,1955.41,8107.25,8107.25,6151.84,1955.41,2025-01-01,paid_on_time,0,0.0
RP00000056,LN0000013,C000008,7,2025-02-04,6283.85,1823.4,8107.25,8107.25,6283.85,1823.4,2025-02-02,paid_on_time,0,0.0
RP00000057,LN0000013,C000008,8,2025-03-04,6418.69,1688.56,8107.25,8107.25,6418.69,1688.56,2025-03-04,paid_on_time,0,0.0
RP00000058,LN0000013,C000008,9,2025-04-04,6556.42,1550.83,8107.25,8107.25,6556.42,1550.83,2025-04-02,paid_on_time,0,0.0
RP00000059,LN0000013,C000008,10,2025-05-04,6697.11,1410.14,8107.25,8107.25,6697.11,1410.14,2025-05-03,paid_on_time,0,0.0
RP00000060,LN0000013,C000008,11,2025-06-04,6840.82,1266.43,8107.25,8107.25,6840.82,1266.43,2025-05-31,paid_on_time,0,0.0
RP00000061,LN0000013,C000008,12,2025-07-04,6987.62,1119.63,8107.25,8107.25,6987.62,1119.63,2025-07-01,paid_on_time,0,0.0
RP00000062,LN0000013,C000008,13,2025-08-04,7137.56,969.69,8107.25,8107.25,7137.56,969.69,2025-08-02,paid_on_time,0,0.0
RP00000063,LN0000013,C000008,14,2025-09-04,7290.72,816.53,8107.25,8107.25,7290.72,816.53,2025-09-02,paid_on_time,0,0.0
RP00000064,LN0000013,C000008,15,2025-10-04,7447.16,660.09,8107.25,8107.25,7447.16,660.09,2025-10-03,paid_on_time,0,0.0
RP00000065,LN0000013,C000008,16,2025-11-04,7606.97,500.28,8107.25,8107.25,7606.97,500.28,2025-10-31,paid_on_time,0,0.0
RP00000066,LN0000013,C000008,17,2025-12-04,7770.2,337.05,8107.25,8107.25,7770.2,337.05,2025-12-04,paid_on_time,0,0.0
RP00000067,LN0000013,C000008,18,2026-01-04,7936.94,170.31,8107.25,8107.25,7936.94,170.31,2025-12-31,paid_on_time,0,0.0
RP00000068,LN0000014,C000216,1,2024-08-04,3954.69,183.33,4138.02,4138.02,3954.69,183.33,2024-08-04,paid_on_time,0,0.0
RP00000069,LN0000014,C000216,2,2024-09-04,4045.31,92.71,4138.02,4138.02,4045.31,92.71,2024-09-04,paid_on_time,0,0.0
RP00000070,LN0000015,C000061,1,2024-08-04,3736.19,1179.38,4915.57,4915.57,3736.19,1179.38,2024-08-11,paid_late,7,250.0
RP00000071,LN0000015,C000061,2,2024-09-04,3822.59,1092.98,4915.57,4915.57,3822.59,1092.98,2024-09-02,paid_on_time,0,0.0
RP00000072,LN0000015,C000061,3,2024-10-04,3910.99,1004.58,4915.57,4915.57,3910.99,1004.58,2024-10-07,paid_late,3,0.0
RP00000073,LN0000015,C000061,4,2024-11-04,4001.43,914.14,4915.57,4915.57,4001.43,914.14,2024-10-31,paid_on_time,0,0.0
RP00000074,LN0000015,C000061,5,2024-12-04,4093.97,821.6,4915.57,4915.57,4093.97,821.6,2024-12-03,paid_on_time,0,0.0
RP00000075,LN0000015,C000061,6,2025-01-04,4188.64,726.93,4915.57,4915.57,4188.64,726.93,2025-01-10,paid_late,6,250.0
RP00000076,LN0000015,C000061,7,2025-02-04,4285.5,630.07,4915.57,4915.57,4285.5,630.07,2025-02-01,paid_on_time,0,0.0
RP00000077,LN0000015,C000061,8,2025-03-04,4384.6,530.97,4915.57,4915.57,4384.6,530.97,2025-03-02,paid_on_time,0,0.0
RP00000078,LN0000015,C000061,9,2025-04-04,4486.0,429.57,4915.57,4915.57,4486.0,429.57,2025-04-02,paid_on_time,0,0.0
RP00000079,LN0000015,C000061,10,2025-05-04,4589.74,325.83,4915.57,4915.57,4589.74,325.83,2025-05-03,paid_on_time,0,0.0
RP00000080,LN0000015,C000061,11,2025-06-04,4695.87,219.7,4915.57,4915.57,4695.87,219.7,2025-06-04,paid_on_time,0,0.0
RP00000081,LN0000015,C000061,12,2025-07-04,4804.47,111.1,4915.57,4915.57,4804.47,111.1,2025-06-30,paid_on_time,0,0.0
RP00000082,LN0000016,C000174,1,2024-08-04,19000.0,205.83,19205.83,19205.83,19000.0,205.83,2024-08-04,paid_on_time,0,0.0
RP00000083,LN0000017,C000244,1,2024-08-04,9700.0,101.04,9801.04,9801.04,9700.0,101.04,2024-08-01,paid_on_time,0,0.0
RP00000084,LN0000018,C000198,1,2024-08-04,5600.0,58.33,5658.33,5658.33,5600.0,58.33,2024-08-04,paid_on_time,0,0.0
RP00000085,LN0000019,C000217,1,2024-08-04,5932.03,275.0,6207.03,6207.03,5932.03,275.0,2024-08-04,paid_on_time,0,0.0
RP00000086,LN0000019,C000217,2,2024-09-04,6067.97,139.06,6207.03,6207.03,6067.97,139.06,2024-09-04,paid_on_time,0,0.0
RP00000087,LN0000020,C000302,1,2024-08-05,1912.14,64.04,1976.18,1976.18,1912.14,64.04,2024-08-06,paid_late,1,0.0
RP00000088,LN0000020,C000302,2,2024-09-05,1933.25,42.93,1976.18,1976.18,1933.25,42.93,2024-09-04,paid_on_time,0,0.0
RP00000089,LN0000020,C000302,3,2024-10-05,1954.6,21.58,1976.18,1976.18,1954.6,21.58,2024-10-05,paid_on_time,0,0.0
RP00000090,LN0000021,C000203,1,2024-08-05,2608.1,178.33,2786.43,2786.43,2608.1,178.33,2024-08-01,paid_on_time,0,0.0
RP00000091,LN0000021,C000203,2,2024-09-05,2666.24,120.19,2786.43,2786.43,2666.24,120.19,2024-09-03,paid_on_time,0,0.0
RP00000092,LN0000021,C000203,3,2024-10-05,2725.67,60.76,2786.43,2786.43,2725.67,60.76,2024-10-01,paid_on_time,0,0.0
RP00000093,LN0000022,C000270,1,2024-08-05,31937.85,3416.67,35354.52,35354.52,31937.85,3416.67,2024-08-05,paid_on_time,0,0.0
RP00000094,LN0000022,C000270,2,2024-09-05,32483.46,2871.06,35354.52,35354.52,32483.46,2871.06,2024-09-11,paid_late,6,707.0
RP00000095,LN0000022,C000270,3,2024-10-05,33038.38,2316.14,35354.52,35354.52,33038.38,2316.14,2024-10-03,paid_on_time,0,0.0
RP00000096,LN0000022,C000270,4,2024-11-05,33602.79,1751.73,35354.52,35354.52,33602.79,1751.73,2024-11-01,paid_on_time,0,0.0
RP00000097,LN0000022,C000270,5,2024-12-05,34176.84,1177.68,35354.52,35354.52,34176.84,1177.68,2024-12-05,paid_on_time,0,0.0
RP00000098,LN0000022,C000270,6,2025-01-05,34760.69,593.83,35354.52,35354.52,34760.69,593.83,2026-01-05,paid_on_time,0,0.0
RP00000099,LN0000023,C000215,1,2024-08-05,6588.41,597.92,7186.33,7186.33,6588.41,597.92,2024-08-05,paid_on_time,0,0.0
RP00000100,LN0000023,C000215,2,2024-09-05,6684.49,501.84,7186.33,7186.33,6684.49,501.84,2024-09-05,paid_on_time,0,0.0
RP00000101,LN0000023,C000215,3,2024-10-05,6781.98,404.35,7186.33,7186.33,6781.98,404.35,2024-10-05,paid_on_time,0,0.0
RP00000102,LN0000023,C000215,4,2024-11-05,6880.88,305.45,7186.33,7186.33,6880.88,305.45,2024-11-05,paid_on_time,0,0.0
RP00000103,LN0000023,C000215,5,2024-12-05,6981.23,205.1,7186.33,7186.33,6981.23,205.1,2024-12-07,paid_late,2,0.0
RP00000104,LN0000023,C000215,6,2025-01-05,7083.03,103.29,7186.32,7186.32,7083.03,103.29,2025-01-05,paid_on_time,0,0.0
RP00000105,LN0000024,C000289,1,2024-08-05,9439.69,1554.58,10994.27,10994.27,9439.69,1554.58,2024-08-07,paid_late,2,0.0
RP00000106,LN0000024,C000289,2,2024-09-05,9600.95,1393.32,10994.27,10994.27,9600.95,1393.32,2024-09-03,paid_on_time,0,0.0
RP00000107,LN0000024,C000289,3,2024-10-05,9764.96,1229.31,10994.27,5716.73,4487.42,1229.31,2024-10-05,partially_paid,633,0.0
RP00000108,LN0000024,C000289,4,2024-11-05,9931.78,1062.49,10994.27,0.0,0.0,0.0,,overdue,602,0.0
RP00000109,LN0000024,C000289,5,2024-12-05,10101.45,892.82,10994.27,0.0,0.0,0.0,,overdue,572,0.0
RP00000110,LN0000024,C000289,6,2025-01-05,10274.02,720.25,10994.27,0.0,0.0,0.0,,overdue,541,0.0
RP00000111,LN0000024,C000289,7,2025-02-05,10449.53,544.74,10994.27,0.0,0.0,0.0,,overdue,510,0.0
RP00000112,LN0000024,C000289,8,2025-03-05,10628.04,366.23,10994.27,0.0,0.0,0.0,,overdue,482,0.0
RP00000113,LN0000024,C000289,9,2025-04-05,10809.6,184.66,10994.26,0.0,0.0,0.0,,overdue,451,0.0
RP00000114,LN0000025,C000363,1,2024-08-05,322.9,25.42,348.32,348.32,322.9,25.42,2024-08-05,paid_on_time,0,0.0
RP00000115,LN0000025,C000363,2,2024-09-05,327.01,21.31,348.32,348.32,327.01,21.31,2024-09-09,paid_late,4,250.0
RP00000116,LN0000025,C000363,3,2024-10-05,331.16,17.16,348.32,348.32,331.16,17.16,2024-10-05,paid_on_time,0,0.0
RP00000117,LN0000025,C000363,4,2024-11-05,335.37,12.95,348.32,348.32,335.37,12.95,2024-11-12,paid_late,7,250.0
RP00000118,LN0000025,C000363,5,2024-12-05,339.63,8.69,348.32,348.32,339.63,8.69,2024-12-08,paid_late,3,0.0
RP00000119,LN0000025,C000363,6,2025-01-05,343.94,4.37,348.31,348.31,343.94,4.37,2025-01-05,paid_on_time,0,0.0
RP00000120,LN0000026,C000210,1,2024-08-06,1893.01,609.38,2502.39,2502.39,1893.01,609.38,2024-08-04,paid_on_time,0,0.0
RP00000121,LN0000026,C000210,2,2024-09-06,1922.59,579.8,2502.39,2502.39,1922.59,579.8,2024-09-06,paid_on_time,0,0.0
RP00000122,LN0000026,C000210,3,2024-10-06,1952.63,549.76,2502.39,2502.39,1952.63,549.76,2024-10-06,paid_on_time,0,0.0
RP00000123,LN0000026,C000210,4,2024-11-06,1983.14,519.25,2502.39,2502.39,1983.14,519.25,2024-11-06,paid_on_time,0,0.0
RP00000124,LN0000026,C000210,5,2024-12-06,2014.13,488.26,2502.39,2502.39,2014.13,488.26,2024-12-06,paid_on_time,0,0.0
RP00000125,LN0000026,C000210,6,2025-01-06,2045.6,456.79,2502.39,2502.39,2045.6,456.79,2025-01-05,paid_on_time,0,0.0
RP00000126,LN0000026,C000210,7,2025-02-06,2077.56,424.83,2502.39,2502.39,2077.56,424.83,2025-02-02,paid_on_time,0,0.0
RP00000127,LN0000026,C000210,8,2025-03-06,2110.03,392.36,2502.39,2502.39,2110.03,392.36,2025-03-02,paid_on_time,0,0.0
RP00000128,LN0000026,C000210,9,2025-04-06,2142.99,359.4,2502.39,2502.39,2142.99,359.4,2025-04-04,paid_on_time,0,0.0
RP00000129,LN0000026,C000210,10,2025-05-06,2176.48,325.91,2502.39,2502.39,2176.48,325.91,2025-05-05,paid_on_time,0,0.0
RP00000130,LN0000026,C000210,11,2025-06-06,2210.49,291.9,2502.39,2502.39,2210.49,291.9,2025-06-03,paid_on_time,0,0.0
RP00000131,LN0000026,C000210,12,2025-07-06,2245.03,257.36,2502.39,2502.39,2245.03,257.36,2025-07-06,paid_on_time,0,0.0
RP00000132,LN0000026,C000210,13,2025-08-06,2280.1,222.29,2502.39,2502.39,2280.1,222.29,2025-08-04,paid_on_time,0,0.0
RP00000133,LN0000026,C000210,14,2025-09-06,2315.73,186.66,2502.39,2502.39,2315.73,186.66,2025-09-06,paid_on_time,0,0.0
RP00000134,LN0000026,C000210,15,2025-10-06,2351.91,150.48,2502.39,2502.39,2351.91,150.48,2025-10-05,paid_on_time,0,0.0
RP00000135,LN0000026,C000210,16,2025-11-06,2388.66,113.73,2502.39,2502.39,2388.66,113.73,2025-11-04,paid_on_time,0,0.0
RP00000136,LN0000026,C000210,17,2025-12-06,2425.99,76.4,2502.39,2502.39,2425.99,76.4,2025-12-06,paid_on_time,0,0.0
RP00000137,LN0000026,C000210,18,2026-01-06,2463.89,38.5,2502.39,2502.39,2463.89,38.5,2026-01-03,paid_on_time,0,0.0
RP00000138,LN0000027,C000375,1,2024-08-06,519.07,34.67,553.74,553.74,519.07,34.67,2024-08-06,paid_on_time,0,0.0
RP00000139,LN0000027,C000375,2,2024-09-06,524.7,29.04,553.74,553.74,524.7,29.04,2024-09-06,paid_on_time,0,0.0
RP00000140,LN0000027,C000375,3,2024-10-06,530.38,23.36,553.74,553.74,530.38,23.36,2024-10-06,paid_on_time,0,0.0
RP00000141,LN0000027,C000375,4,2024-11-06,536.13,17.61,553.74,553.74,536.13,17.61,2024-11-10,paid_late,4,250.0
RP00000142,LN0000027,C000375,5,2024-12-06,541.93,11.81,553.74,553.74,541.93,11.81,2024-12-06,paid_on_time,0,0.0
RP00000143,LN0000027,C000375,6,2025-01-06,547.8,5.93,553.73,553.73,547.8,5.93,2025-01-06,paid_on_time,0,0.0
RP00000144,LN0000028,C000256,1,2024-08-06,4500.0,56.25,4556.25,4556.25,4500.0,56.25,2024-08-06,paid_on_time,0,0.0
RP00000145,LN0000029,C000161,1,2024-08-06,16287.12,1156.25,17443.37,17443.37,16287.12,1156.25,2024-08-09,paid_late,3,0.0
RP00000146,LN0000029,C000161,2,2024-09-06,16663.76,779.61,17443.37,17443.37,16663.76,779.61,2024-09-06,paid_on_time,0,0.0
RP00000147,LN0000029,C000161,3,2024-10-06,17049.11,394.26,17443.37,17443.37,17049.11,394.26,2024-10-03,paid_on_time,0,0.0
RP00000148,LN0000030,C000398,1,2024-08-06,855.03,35.21,890.24,890.24,855.03,35.21,2024-08-06,paid_on_time,0,0.0
RP00000149,LN0000030,C000398,2,2024-09-06,866.61,23.63,890.24,890.24,866.61,23.63,2024-09-06,paid_on_time,0,0.0
RP00000150,LN0000030,C000398,3,2024-10-06,878.35,11.89,890.24,890.24,878.35,11.89,2024-10-06,paid_on_time,0,0.0
RP00000151,LN0000031,C000337,1,2024-08-06,2355.87,464.79,2820.66,2820.66,2355.87,464.79,2024-08-05,paid_on_time,0,0.0
RP00000152,LN0000031,C000337,2,2024-09-06,2403.48,417.18,2820.66,2820.66,2403.48,417.18,2024-09-04,paid_on_time,0,0.0
RP00000153,LN0000031,C000337,3,2024-10-06,2452.05,368.61,2820.66,2820.66,2452.05,368.61,2024-10-05,paid_on_time,0,0.0
RP00000154,LN0000031,C000337,4,2024-11-06,2501.6,319.06,2820.66,2820.66,2501.6,319.06,2024-11-05,paid_on_time,0,0.0
RP00000155,LN0000031,C000337,5,2024-12-06,2552.15,268.51,2820.66,2820.66,2552.15,268.51,2024-12-03,paid_on_time,0,0.0
RP00000156,LN0000031,C000337,6,2025-01-06,2603.73,216.93,2820.66,2820.66,2603.73,216.93,2025-01-04,paid_on_time,0,0.0
RP00000157,LN0000031,C000337,7,2025-02-06,2656.34,164.32,2820.66,2820.66,2656.34,164.32,2025-02-02,paid_on_time,0,0.0
RP00000158,LN0000031,C000337,8,2025-03-06,2710.02,110.64,2820.66,2820.66,2710.02,110.64,2025-03-03,paid_on_time,0,0.0
RP00000159,LN0000031,C000337,9,2025-04-06,2764.79,55.87,2820.66,2820.66,2764.79,55.87,2025-04-02,paid_on_time,0,0.0
RP00000160,LN0000032,C000306,1,2024-08-06,9888.75,450.0,10338.75,10338.75,9888.75,450.0,2024-08-04,paid_on_time,0,0.0
RP00000161,LN0000032,C000306,2,2024-09-06,10111.25,227.5,10338.75,10338.75,10111.25,227.5,2024-09-05,paid_on_time,0,0.0
RP00000162,LN0000033,C000007,1,2024-08-06,1358.3,101.5,1459.8,1459.8,1358.3,101.5,2024-08-07,paid_late,1,0.0
RP00000163,LN0000033,C000007,2,2024-09-06,1374.71,85.09,1459.8,1459.8,1374.71,85.09,2024-09-07,paid_late,1,0.0
RP00000164,LN0000033,C000007,3,2024-10-06,1391.32,68.48,1459.8,1459.8,1391.32,68.48,2024-10-05,paid_on_time,0,0.0
RP00000165,LN0000033,C000007,4,2024-11-06,1408.14,51.66,1459.8,1459.8,1408.14,51.66,2024-11-04,paid_on_time,0,0.0
RP00000166,LN0000033,C000007,5,2024-12-06,1425.15,34.65,1459.8,1459.8,1425.15,34.65,2024-12-06,paid_on_time,0,0.0
RP00000167,LN0000033,C000007,6,2025-01-06,1442.37,17.43,1459.8,1459.8,1442.37,17.43,2025-01-06,paid_on_time,0,0.0
RP00000168,LN0000034,C000331,1,2024-08-06,1000.0,10.62,1010.62,1010.62,1000.0,10.62,2024-08-04,paid_on_time,0,0.0
RP00000169,LN0000035,C000321,1,2024-08-06,17000.0,378.96,17378.96,17378.96,17000.0,378.96,2024-08-06,paid_on_time,0,0.0
RP00000170,LN0000036,C000407,1,2024-08-06,4958.24,870.0,5828.24,5828.24,4958.24,870.0,2024-08-02,paid_on_time,0,0.0
RP00000171,LN0000036,C000407,2,2024-09-06,5048.11,780.13,5828.24,5828.24,5048.11,780.13,2024-09-06,paid_on_time,0,0.0
RP00000172,LN0000036,C000407,3,2024-10-06,5139.6,688.64,5828.24,5828.24,5139.6,688.64,2024-10-05,paid_on_time,0,0.0
RP00000173,LN0000036,C000407,4,2024-11-06,5232.76,595.48,5828.24,5828.24,5232.76,595.48,2024-11-03,paid_on_time,0,0.0
RP00000174,LN0000036,C000407,5,2024-12-06,5327.6,500.64,5828.24,5828.24,5327.6,500.64,2024-12-04,paid_on_time,0,0.0
RP00000175,LN0000036,C000407,6,2025-01-06,5424.17,404.07,5828.24,5828.24,5424.17,404.07,2025-01-04,paid_on_time,0,0.0
RP00000176,LN0000036,C000407,7,2025-02-06,5522.48,305.76,5828.24,5828.24,5522.48,305.76,2025-02-16,paid_late,10,250.0
RP00000177,LN0000036,C000407,8,2025-03-06,5622.57,205.67,5828.24,5828.24,5622.57,205.67,2025-03-02,paid_on_time,0,0.0
RP00000178,LN0000036,C000407,9,2025-04-06,5724.48,103.76,5828.24,5828.24,5724.48,103.76,2025-04-06,paid_on_time,0,0.0
RP00000179,LN0000037,C000271,1,2024-08-06,3200.0,34.67,3234.67,3234.67,3200.0,34.67,2024-08-06,paid_on_time,0,0.0
RP00000180,LN0000038,C000425,1,2024-08-06,2239.96,80.75,2320.71,2320.71,2239.96,80.75,2024-08-06,paid_on_time,0,0.0
RP00000181,LN0000038,C000425,2,2024-09-06,2266.56,54.15,2320.71,2320.71,2266.56,54.15,2024-09-06,paid_on_time,0,0.0
RP00000182,LN0000038,C000425,3,2024-10-06,2293.48,27.24,2320.72,2320.72,2293.48,27.24,2024-10-06,paid_on_time,0,0.0
RP00000183,LN0000039,C000405,1,2024-08-07,2621.84,670.83,3292.67,3292.67,2621.84,670.83,2024-08-07,paid_on_time,0,0.0
RP00000184,LN0000039,C000405,2,2024-09-07,2672.09,620.58,3292.67,3292.67,2672.09,620.58,2024-09-07,paid_on_time,0,0.0
RP00000185,LN0000039,C000405,3,2024-10-07,2723.3,569.37,3292.67,3292.67,2723.3,569.37,2024-10-07,paid_on_time,0,0.0
RP00000186,LN0000039,C000405,4,2024-11-07,2775.5,517.17,3292.67,3292.67,2775.5,517.17,2024-11-07,paid_on_time,0,0.0
RP00000187,LN0000040,C000367,1,2024-08-07,3615.21,155.83,3771.04,3771.04,3615.21,155.83,2024-08-06,paid_on_time,0,0.0
RP00000188,LN0000040,C000367,2,2024-09-07,3666.42,104.62,3771.04,3771.04,3666.42,104.62,2024-09-07,paid_on_time,0,0.0
RP00000189,LN0000040,C000367,3,2024-10-07,3718.37,52.68,3771.05,3771.05,3718.37,52.68,2024-10-05,paid_on_time,0,0.0
RP00000190,LN0000041,C000179,1,2024-08-07,23000.0,531.88,23531.88,23531.88,23000.0,531.88,2024-08-07,paid_on_time,0,0.0
RP00000191,LN0000042,C000413,1,2024-08-07,7912.63,353.33,8265.96,8265.96,7912.63,353.33,2024-08-08,paid_late,1,0.0
RP00000192,LN0000042,C000413,2,2024-09-07,8087.37,178.6,8265.97,8265.97,8087.37,178.6,2024-09-08,paid_late,1,0.0
RP00000193,LN0000043,C000432,1,2024-08-07,30000.0,693.75,30693.75,30693.75,30000.0,693.75,2024-08-07,paid_on_time,0,0.0
RP00000194,LN0000044,C000458,1,2024-08-07,527.93,16.33,544.26,544.26,527.93,16.33,2024-08-07,paid_on_time,0,0.0
RP00000195,LN0000044,C000458,2,2024-09-07,533.32,10.94,544.26,544.26,533.32,10.94,2024-09-07,paid_on_time,0,0.0
RP00000196,LN0000044,C000458,3,2024-10-07,538.76,5.5,544.26,544.26,538.76,5.5,2024-10-07,paid_on_time,0,0.0
RP00000197,LN0000045,C000093,1,2024-08-07,4300.0,45.69,4345.69,4345.69,4300.0,45.69,2024-08-09,paid_late,2,0.0
RP00000198,LN0000046,C000109,1,2024-08-07,1374.07,402.5,1776.57,1776.57,1374.07,402.5,2024-08-05,paid_on_time,0,0.0
RP00000199,LN0000046,C000109,2,2024-09-07,1393.82,382.75,1776.57,1776.57,1393.82,382.75,2024-09-03,paid_on_time,0,0.0
RP00000200,LN0000046,C000109,3,2024-10-07,1413.86,362.71,1776.57,1776.57,1413.86,362.71,2024-10-04,paid_on_time,0,0.0
