month_start,new_customers,kyc_completion_rate_7d,signup_to_disbursal_30d,applications_submitted,approval_rate,offer_acceptance_rate,loans_disbursed,disbursed_amount,avg_ticket_size,new_borrowers,repeat_loan_share,autopay_adoption_rate,fpd30_rate,gross_revenue,net_revenue,credit_losses,outstanding_principal,par30_rate,npa_rate,collection_efficiency,payment_failure_rate,mau,support_tickets,tickets_per_1k_mau,csat_avg,marketing_spend,blended_cac,cost_per_new_borrower
2024-07-01,2398.0,0.5562969140950792,0.1555462885738115,673.0,0.5411061285500748,0.8950276243093923,320.0,13760900.0,43002.8125,320.0,0.0,0.45,0.01875,337261.25,337261.25,0.0,13738000.0,0.0,0.0,,0.0,2398.0,112.0,46.705587989991656,3.3333333333333335,680912.9699999976,283.95036280233427,2127.8530312499925
2024-08-01,2394.0,0.565998329156224,0.14619883040935672,843.0,0.5291319857312723,0.8741573033707866,391.0,17594400.0,44998.46547314578,363.0,0.07161125319693094,0.47058823529411764,0.01278772378516624,673392.5,673392.5,0.0,28577140.95,0.0,0.0,0.947397632217331,0.08806818181818182,3728.0,154.0,41.30901287553648,3.4927536231884058,641580.2300000006,267.99508354218904,1767.4386501377426
2024-09-01,2370.0,0.5472573839662447,0.15316455696202533,910.0,0.5703296703296703,0.8747591522157996,447.0,19453300.0,43519.68680089485,399.0,0.10738255033557047,0.5212527964205816,0.006711409395973154,964401.01,964401.01,0.0,43116275.85,0.0005881175843715639,0.0,0.9627692395299117,0.06412213740458016,4234.0,147.0,34.718941898913556,3.423076923076923,655030.7300000021,276.3842742616043,1641.6810275689274
2024-10-01,3070.0,0.5628664495114006,0.1495114006514658,1153.0,0.5694323144104804,0.911042944785276,598.0,25384100.0,42448.327759197324,510.0,0.14715719063545152,0.4983277591973244,0.016722408026755852,1363980.93,1363980.93,0.0,60676889.2,0.009779995609926553,0.0,0.9687941810265153,0.06305418719211822,5440.0,199.0,36.580882352941174,3.5921052631578947,851095.9893750014,277.2299639657985,1668.8156654411791
2024-11-01,2720.0,0.5580882352941177,0.14301470588235293,1136.0,0.5486415425065732,0.9105431309904153,569.0,24793300.0,43573.46221441125,450.0,0.20913884007029876,0.4973637961335677,0.01757469244288225,1646850.55,1646850.55,0.0,74787676.35,0.008345751338482386,0.00011174889243634057,0.9636793200110896,0.08623087621696801,5875.0,203.0,34.5531914893617,3.5052631578947366,741709.070625,272.6871583180147,1648.2423791666668
2024-12-01,2641.0,0.5736463460810299,0.15335100340780008,1211.0,0.5938792390405294,0.8927576601671309,646.0,26096400.0,40396.9040247678,480.0,0.25696594427244585,0.48297213622291024,0.020123839009287926,1872218.97,1872218.97,0.0,88211965.52,0.017517469210564757,0.004881642161146122,0.9612631122458772,0.07300115874855156,6197.0,194.0,31.305470388897852,3.525,649433.409999999,245.90435819765202,1352.9862708333312
2025-01-01,2795.0,0.5531305903398926,0.15491949910554562,1257.0,0.5816733067729084,0.9041095890410958,654.0,25749700.0,39372.62996941896,480.0,0.26605504587155965,0.4938837920489297,0.009174311926605505,2023929.55,2023929.55,0.0,98833332.2,0.023677999192260362,0.00631527174189519,0.9419382002762088,0.08413926499032882,6731.0,219.0,32.53602733620561,3.4831460674157304,704519.5600000013,252.06424329159262,1467.749083333336
2025-02-01,2627.0,0.552341073467834,0.1427483821850019,1139.0,0.6065140845070423,0.9201741654571843,642.0,26511200.0,41294.70404984424,451.0,0.29750778816199375,0.5062305295950156,0.02336448598130841,2244629.24,2236271.8,8357.44,108795049.41,0.032030770231716924,0.013354347627755721,0.9392638247848962,0.07012987012987013,6859.0,198.0,28.86718180492783,3.5,584919.5299999982,222.65684430909712,1296.9390909090869
2025-03-01,2818.0,0.559971611071682,0.1376863023420866,1298.0,0.5923076923076923,0.9,689.0,27487700.0,39895.06531204644,429.0,0.37735849056603776,0.4949201741654572,0.010159651669085631,2430812.35,2008550.54,422261.81,117066220.36,0.028035209216692267,0.01544492531184339,0.9518071769965799,0.08986615678776291,7763.0,232.0,29.885353600412213,3.481132075471698,771054.2799999977,273.6175585521638,1797.3293240093187
2025-04-01,2890.0,0.5539792387543253,0.15916955017301038,1372.0,0.6148796498905909,0.9228944246737841,783.0,33605600.0,42919.02937420179,533.0,0.31928480204342274,0.4955300127713921,0.021711366538952746,2704449.79,2510909.69,193540.1,130188394.86,0.028501602650453015,0.019429326190864446,0.9556546400420088,0.08434163701067615,8087.0,246.0,30.41919129467046,3.5555555555555554,765250.1700000007,264.79244636678226,1435.7414071294572
2025-05-01,3071.0,0.5630087919244545,0.1566265060240964,1478.0,0.6140825998645904,0.9228224917309813,838.0,36596800.0,43671.59904534606,556.0,0.33651551312649164,0.5035799522673031,0.016706443914081145,3010062.05,2172977.05,837085.0,143851317.98,0.02503345127849763,0.015508506152930557,0.9535930416645196,0.08505154639175258,8736.0,273.0,31.25,3.5042735042735043,775754.7699999991,252.6065678931941,1395.2423920863293
2025-06-01,3182.0,0.5631678189817725,0.1508485229415462,1475.0,0.6050305914343984,0.8921348314606742,786.0,32777400.0,41701.52671755725,523.0,0.3346055979643766,0.4872773536895674,0.017811704834605598,3134307.44,2393043.9,741263.54,151489023.53,0.02064411332997124,0.012084643476743123,0.9526812073536576,0.08027050867391944,9245.0,248.0,26.825310978907517,3.5825242718446604,792623.6599999978,249.09605908233746,1515.5328107074529
2025-07-01,3265.0,0.5580398162327718,0.1467075038284839,1536.0,0.6069100391134289,0.9044038668098818,848.0,36554300.0,43106.485849056604,544.0,0.3584905660377358,0.5153301886792453,0.01650943396226415,3365023.51,2450693.01,914330.5,161348381.66,0.021228705331657802,0.008843889447908579,0.9554423520332107,0.09081051775548929,9889.0,255.0,25.786227121043584,3.5436893203883497,920368.6800000006,281.8893353751916,1691.8541911764717
2025-08-01,3311.0,0.5804892781636968,0.1546360616128058,1646.0,0.6087484811664642,0.8962075848303394,899.0,39031400.0,43416.462736373745,585.0,0.3492769744160178,0.4938820912124583,0.02224694104560623,3615495.32,3061525.66,553969.66,172583216.75,0.021861327370351034,0.007923155714386695,0.9541504744978463,0.1055667001003009,10149.0,318.0,31.33313626958321,3.5478260869565217,916351.120000001,276.7596254907886,1566.4121709401727
2025-09-01,4575.0,0.5387978142076503,0.11234972677595628,2040.0,0.49166666666666664,0.905284147557328,912.0,39277800.0,43067.76315789474,582.0,0.3618421052631579,0.5142543859649122,0.02631578947368421,3794651.65,3419441.39,375210.26,182689943.64,0.023666591186431,0.01126597725628375,0.9475331652656758,0.0923226433430515,11660.0,374.0,32.075471698113205,3.509433962264151,1458701.5300000042,318.84186448087524,2506.3600171821377
2025-10-01,5077.0,0.5611581642702383,0.1414220996651566,2174.0,0.5816751503933364,0.8814638027048528,1112.0,48841100.0,43921.852517985615,793.0,0.2868705035971223,0.5197841726618705,0.02697841726618705,4203075.82,3921628.2,281447.62,201353591.63,0.027911157156447094,0.012742055650611688,0.9450812253579081,0.09105394946505804,13010.0,400.0,30.745580322828594,3.4759036144578315,1966790.031304345,387.3921668907514,2480.189194583033
2025-11-01,4276.0,0.5680542563143124,0.14593077642656688,2095.0,0.5890214797136039,0.9027552674230146,1111.0,47202300.0,42486.318631863185,716.0,0.35553555355535554,0.5643564356435643,0.0297029702970297,4400727.29,3832089.04,568638.25,214750610.82,0.032277229450163945,0.014944678842799857,0.9387533045941421,0.09049111807732498,12870.0,357.0,27.73892773892774,3.566666666666667,1218913.4986956534,285.05928407288434,1702.393154602868
2025-12-01,3847.0,0.5755133870548479,0.15492591629841435,2010.0,0.6194029850746269,0.9092369477911647,1130.0,49230000.0,43566.37168141593,716.0,0.3663716814159292,0.5097345132743363,0.016814159292035398,4672397.66,3700254.48,972143.18,227957847.23,0.030634683187519413,0.015578745689841897,0.9410963771934304,0.09223584354932866,12741.0,323.0,25.35122831802841,3.5037037037037035,958219.1299999998,249.08217572134126,1338.2948743016757
2026-01-01,3769.0,0.5720350225524011,0.1557442292385248,1924.0,0.604989604989605,0.9140893470790378,1066.0,43803400.0,41091.369606003755,654.0,0.38649155722326456,0.6172607879924953,0.01876172607879925,4809013.64,3903696.75,905316.89,233323189.45,0.03814551378703519,0.015259154601788769,0.944710954530544,0.0900684298132051,12841.0,307.0,23.90779534304182,3.4705882352941178,1070509.7699999984,284.0301857256562,1636.8650917431169
2026-02-01,3627.0,0.580093741384064,0.1588089330024814,1903.0,0.6217070600632244,0.9059322033898305,1071.0,47509500.0,44359.943977591036,666.0,0.37815126050420167,0.6479925303454716,0.02334267040149393,4842703.49,3900062.21,942641.28,243491907.71,0.03963813455145729,0.017800228848517077,0.9175200992495998,0.0986628117094326,12504.0,289.0,23.112603966730646,3.581967213114754,950373.6799999988,262.0274827681276,1426.9875075075056
2026-03-01,4090.0,0.6188264058679707,0.17090464547677262,2200.0,0.6330442720219078,0.9005046863734679,1246.0,53863800.0,43229.37399678973,779.0,0.37479935794542535,0.6396468699839486,0.018459069020866775,5338927.22,3857800.11,1481127.11,255994344.81,0.04357833817883706,0.022058596584198505,0.9347472913571642,0.09437478820738733,13712.0,364.0,26.546091015169196,3.5126582278481013,1046655.9800000017,255.9061075794625,1343.5891912708623
2026-04-01,3973.0,0.6146488799395923,0.17971306317644098,2230.0,0.6346499102333932,0.9101838755304101,1289.0,58372400.0,45285.02715283165,832.0,0.35453840186190844,0.6408068269976727,0.01474010861132661,5570532.29,4683916.5,886615.79,272010614.31,0.04030173718701455,0.02253177753944245,0.930833122306218,0.09946367625548513,13898.0,338.0,24.320046049791337,3.5267175572519083,965740.599999998,243.07591240875863,1160.745913461536
2026-05-01,4158.0,0.6322751322751323,0.1697931697931698,2271.0,0.645842498900132,0.9005449591280654,1321.0,57812000.0,43763.81529144588,811.0,0.38607115821347465,0.6502649507948524,,5837530.55,4103008.88,1734521.67,284851420.07,0.037936716297024005,0.0252244161473174,0.9351817030663113,0.09992337164750958,14705.0,335.0,22.78136688201292,3.4825174825174825,1081711.5199999993,260.15188071188055,1333.7996547472248
2026-06-01,4256.0,0.6230414746543779,,2271.0,0.6222515391380826,0.9045936395759717,1293.0,58556800.0,45287.54833720031,842.0,0.34880123743232794,0.6488785769528229,,5930353.88,3396118.04,2534235.84,295594950.99,0.03572060951865584,0.020080100827570634,0.9392033026523645,0.1031948402579871,14918.0,361.0,24.198954283416008,3.4586466165413534,1162023.8699999955,273.0319243421042,1380.075855106883
